student_id,full_name,age,gender,city,email,group_id,enrollment_date,group_name,course_id,instructor,session_day,course_name,category,difficulty_level,avg_grade_pct,attendance_rate,login_count,video_watch_seconds,video_watch_minutes,failed_concepts
S0001,Hana Gamal,27,Female,Mansoura,hana.gamal@kayfa-student.io,G03,2025-12-14,Group 03 — C002,C002,Dr. Laila ElBaz,Sunday,Python Programming,Programming,Beginner,82.34,80.76923076923077,16,17787.0,296.45,6.0
S0002,Mona Abdelaziz,25,Female,Zagazig,mona.abdelaziz@kayfa-student.io,G06,2025-12-03,Group 06 — C004,C004,Dr. Mona Saad,Saturday,UI/UX Design,Design,Beginner,88.82000000000001,92.3076923076923,32,18570.0,309.5,0.0
S0003,Menna Naguib,20,Female,Ismailia,menna.naguib@kayfa-student.io,G05,2025-12-17,Group 05 — C003,C003,Eng. Khaled Adel,Tuesday,Web Development,Programming,Intermediate,77.34,84.61538461538461,27,11317.0,188.61666666666667,2.0
S0004,Aya ElShafei,21,Female,Giza,aya.elshafei@kayfa-student.io,G02,2025-12-12,Group 02 — C001,C001,Dr. Mona Saad,Thursday,Data Analytics Fundamentals,Analytics,Beginner,83.8,84.61538461538461,27,17301.0,288.35,0.0
S0005,Habiba Mahmoud,24,Female,Giza,habiba.mahmoud@kayfa-student.io,G01,2025-12-14,Group 01 — C001,C001,Eng. Khaled Adel,Thursday,Data Analytics Fundamentals,Analytics,Beginner,71.67999999999999,73.07692307692307,17,11072.0,184.53333333333333,7.0
S0006,Aya ElSayed,18,Female,Zagazig,aya.elsayed@kayfa-student.io,G07,2025-12-06,Group 07 — C005,C005,Eng. Hossam Refaat,Wednesday,Digital Marketing,Business,Beginner,75.0,50.0,25,10119.0,168.65,10.0
S0007,Omar Darwish,25,Male,Asyut,omar.darwish@kayfa-student.io,G04,2025-12-14,Group 04 — C002,C002,Eng. Hossam Refaat,Saturday,Python Programming,Programming,Beginner,75.96,84.61538461538461,31,8637.0,143.95,6.0
S0008,Mona Gamal,25,Male,Zagazig,mona.gamal@kayfa-student.io,G04,2025-12-04,Group 04 — C002,C002,Eng. Hossam Refaat,Saturday,Python Programming,Programming,Beginner,86.93333333333334,80.76923076923077,27,15546.0,259.1,0.0
S0009,Mahmoud Awad,23,Female,Ismailia,mahmoud.awad@kayfa-student.io,G01,2025-12-05,Group 01 — C001,C001,Eng. Khaled Adel,Thursday,Data Analytics Fundamentals,Analytics,Beginner,77.56,65.38461538461539,22,7788.0,129.8,9.0
S0010,Abdelrahman ElBaz,25,Female,Mansoura,abdelrahman.elbaz@kayfa-student.io,G05,2025-12-02,Group 05 — C003,C003,Eng. Khaled Adel,Tuesday,Web Development,Programming,Intermediate,70.91666666666667,76.92307692307693,27,13753.0,229.21666666666667,7.0
S0011,Menna Saad,25,Female,Alexandria,menna.saad@kayfa-student.io,G08,2025-12-08,Group 08 — C006,C006,Dr. Laila ElBaz,Saturday,Machine Learning Basics,Analytics,Advanced,79.94000000000001,80.76923076923077,28,14113.0,235.21666666666667,6.0
S0012,Ziad Gamal,20,Female,Port Said,ziad.gamal@kayfa-student.io,G04,2025-12-15,Group 04 — C002,C002,Eng. Hossam Refaat,Saturday,Python Programming,Programming,Beginner,73.56,69.23076923076923,18,8809.0,146.81666666666666,6.0
S0013,Hassan Zaki,21,Female,Giza,hassan.zaki@kayfa-student.io,G07,2025-12-08,Group 07 — C005,C005,Eng. Hossam Refaat,Wednesday,Digital Marketing,Business,Beginner,62.379999999999995,61.53846153846154,17,8289.0,138.15,10.0
S0016,Mostafa Halim,22,Female,Zagazig,mostafa.halim@kayfa-student.io,G01,2025-12-14,Group 01 — C001,C001,Eng. Khaled Adel,Thursday,Data Analytics Fundamentals,Analytics,Beginner,90.46000000000001,92.3076923076923,31,16099.0,268.31666666666666,0.0
S0017,Tarek ElMasry,18,Male,Tanta,tarek.elmasry@kayfa-student.io,G02,2025-12-06,Group 02 — C001,C001,Dr. Mona Saad,Thursday,Data Analytics Fundamentals,Analytics,Beginner,72.03999999999999,76.92307692307693,23,6926.0,115.43333333333334,8.0
S0018,Malak Abdelaziz,23,Female,Asyut,malak.abdelaziz@kayfa-student.io,G09,2025-12-16,Group 09 — C006,C006,Dr. Mona Saad,Thursday,Machine Learning Basics,Analytics,Advanced,80.6,84.61538461538461,16,7219.0,120.31666666666666,3.0
S0019,Tarek Naguib,23,Male,Port Said,tarek.naguib@kayfa-student.io,G04,2025-12-04,Group 04 — C002,C002,Eng. Hossam Refaat,Saturday,Python Programming,Programming,Beginner,68.72,57.692307692307686,16,4828.0,80.46666666666667,8.0
S0020,Mostafa ElGhandour,24,Female,Mansoura,mostafa.elghandour@kayfa-student.io,G06,2025-12-10,Group 06 — C004,C004,Dr. Mona Saad,Saturday,UI/UX Design,Design,Beginner,77.74000000000001,80.76923076923077,16,16450.0,274.1666666666667,5.0
S0021,Abdelrahman Mahmoud,18,Male,Fayoum,abdelrahman.mahmoud@kayfa-student.io,G01,2025-12-05,Group 01 — C001,C001,Eng. Khaled Adel,Thursday,Data Analytics Fundamentals,Analytics,Beginner,85.44,88.46153846153845,20,17156.0,285.93333333333334,1.0
S0022,Ziad Kamel,22,Male,Alexandria,ziad.kamel@kayfa-student.io,G02,2025-12-20,Group 02 — C001,C001,Dr. Mona Saad,Thursday,Data Analytics Fundamentals,Analytics,Beginner,80.42,96.15384615384616,27,14495.0,241.58333333333334,3.0
S0024,Hossam ElBaz,24,Female,Ismailia,hossam.elbaz@kayfa-student.io,G09,2025-12-16,Group 09 — C006,C006,Dr. Mona Saad,Thursday,Machine Learning Basics,Analytics,Advanced,87.6,96.15384615384616,22,16430.0,273.8333333333333,1.0
S0025,Jana ElMasry,18,Male,Mansoura,jana.elmasry@kayfa-student.io,G06,2025-12-09,Group 06 — C004,C004,Dr. Mona Saad,Saturday,UI/UX Design,Design,Beginner,82.94,84.61538461538461,25,10871.0,181.18333333333334,0.0
S0026,Mohamed ElShafei,26,Male,Port Said,mohamed.elshafei@kayfa-student.io,G04,2025-12-02,Group 04 — C002,C002,Eng. Hossam Refaat,Saturday,Python Programming,Programming,Beginner,76.54,73.07692307692307,20,21329.0,355.48333333333335,7.0
S0027,Youssef Ramadan,24,Male,Cairo,youssef.ramadan@kayfa-student.io,G04,2025-12-01,Group 04 — C002,C002,Eng. Hossam Refaat,Saturday,Python Programming,Programming,Beginner,82.88,76.92307692307693,32,13186.0,219.76666666666668,3.0
S0028,Mariam Gamal,20,Female,Mansoura,mariam.gamal@kayfa-student.io,G06,2025-12-02,Group 06 — C004,C004,Dr. Mona Saad,Saturday,UI/UX Design,Design,Beginner,85.47999999999999,80.76923076923077,27,12940.0,215.66666666666666,1.0
S0029,Abdelrahman ElShafei,24,Female,Mansoura,abdelrahman.elshafei@kayfa-student.io,G09,2025-12-03,Group 09 — C006,C006,Dr. Mona Saad,Thursday,Machine Learning Basics,Analytics,Advanced,80.4,84.61538461538461,29,9388.0,156.46666666666667,0.0
S0030,Hossam Abdelaziz,20,Male,Ismailia,hossam.abdelaziz@kayfa-student.io,G08,2025-12-17,Group 08 — C006,C006,Dr. Laila ElBaz,Saturday,Machine Learning Basics,Analytics,Advanced,74.78,73.07692307692307,22,16006.0,266.76666666666665,5.0
S0031,   ,19,Male,Giza,menna.nasr@kayfa-student.io,G06,2025-12-09,Group 06 — C004,C004,Dr. Mona Saad,Saturday,UI/UX Design,Design,Beginner,74.58,76.92307692307693,22,5795.0,96.58333333333333,5.0
S0032,Hana Awad,19,Female,Mansoura,hana.awad@kayfa-student.io,G01,2025-12-09,Group 01 — C001,C001,Eng. Khaled Adel,Thursday,Data Analytics Fundamentals,Analytics,Beginner,73.7,84.61538461538461,16,7009.0,116.81666666666666,5.0
S0033,Laila Saad,18,Female,Alexandria,laila.saad@kayfa-student.io,G04,2025-12-04,Group 04 — C002,C002,Eng. Hossam Refaat,Saturday,Python Programming,Programming,Beginner,78.7,80.76923076923077,36,17038.0,283.96666666666664,4.0
S0034,Omar ElMasry,23,Male,Cairo,omar.elmasry@kayfa-student.io,G05,2025-12-10,Group 05 — C003,C003,Eng. Khaled Adel,Tuesday,Web Development,Programming,Intermediate,76.2,92.3076923076923,24,19426.0,323.76666666666665,4.0
S0035,Khaled Kamel,24,Male,Alexandria,khaled.kamel@kayfa-student.io,G09,2025-12-17,Group 09 — C006,C006,Dr. Mona Saad,Thursday,Machine Learning Basics,Analytics,Advanced,80.22,84.61538461538461,23,7812.0,130.2,11.0
S0036,Sherif Nasr,20,Female,Cairo,sherif.nasr@kayfa-student.io,G07,2025-12-10,Group 07 — C005,C005,Eng. Hossam Refaat,Wednesday,Digital Marketing,Business,Beginner,60.02,69.23076923076923,14,10558.0,175.96666666666667,16.0
S0038,Seif Halim,27,Female,Alexandria,seif.halim@kayfa-student.io,G07,2025-12-14,Group 07 — C005,C005,Eng. Hossam Refaat,Wednesday,Digital Marketing,Business,Beginner,57.7,65.38461538461539,19,13552.0,225.86666666666667,18.0
S0039,Youssef ElShafei,21,Male,Zagazig,youssef.elshafei@kayfa-student.io,G04,2025-12-06,Group 04 — C002,C002,Eng. Hossam Refaat,Saturday,Python Programming,Programming,Beginner,73.64,73.07692307692307,29,10448.0,174.13333333333333,10.0
S0040,Esraa Zaki,19,Male,Cairo,esraa.zaki@kayfa-student.io,G01,2025-12-02,Group 01 — C001,C001,Eng. Khaled Adel,Thursday,Data Analytics Fundamentals,Analytics,Beginner,87.6,88.46153846153845,24,14470.0,241.16666666666666,1.0
S0041,Amr Mahmoud,20,Male,Mansoura,amr.mahmoud@kayfa-student.io,G09,2025-12-02,Group 09 — C006,C006,Dr. Mona Saad,Thursday,Machine Learning Basics,Analytics,Advanced,73.32000000000001,76.92307692307693,36,10797.0,179.95,6.0
S0042,Abdelrahman Ramadan,19,Male,Port Said,abdelrahman.ramadan@kayfa-student.io,G07,2025-12-03,Group 07 — C005,C005,Eng. Hossam Refaat,Wednesday,Digital Marketing,Business,Beginner,64.46000000000001,69.23076923076923,28,8678.0,144.63333333333333,10.0
S0043,Marwan ElShafei,18,Female,Tanta,marwan.elshafei@kayfa-student.io,G02,2025-12-09,Group 02 — C001,C001,Dr. Mona Saad,Thursday,Data Analytics Fundamentals,Analytics,Beginner,89.22,69.23076923076923,30,18193.0,303.21666666666664,1.0
S0044,Yasmin Ramadan,17,Female,Ismailia,yasmin.ramadan@kayfa-student.io,G04,2025-12-14,Group 04 — C002,C002,Eng. Hossam Refaat,Saturday,Python Programming,Programming,Beginner,85.02000000000001,84.61538461538461,17,6653.0,110.88333333333334,5.0
S0045,Farida ElMasry,23,Female,Giza,farida.elmasry@kayfa-student.io,G03,2025-12-14,Group 03 — C002,C002,Dr. Laila ElBaz,Sunday,Python Programming,Programming,Beginner,70.6,80.76923076923077,26,9584.0,159.73333333333332,8.0
S0046,Abdelrahman Abdelaziz,21,Male,Asyut,abdelrahman.abdelaziz@kayfa-student.io,G01,2025-12-10,Group 01 — C001,C001,Eng. Khaled Adel,Thursday,Data Analytics Fundamentals,Analytics,Beginner,69.06,73.07692307692307,10,4224.0,70.4,11.0
S0047,Hassan ElGhandour,28,Male,Mansoura,hassan.elghandour@kayfa-student.io,G04,2025-12-11,Group 04 — C002,C002,Eng. Hossam Refaat,Saturday,Python Programming,Programming,Beginner,74.67999999999999,57.692307692307686,26,12095.0,201.58333333333334,7.0
S0048,Laila Habib,21,Female,Port Said,laila.habib@kayfa-student.io,G06,2025-12-06,Group 06 — C004,C004,Dr. Mona Saad,Saturday,UI/UX Design,Design,Beginner,72.46000000000001,57.692307692307686,29,11563.0,192.71666666666667,10.0
S0049,Seif Mansour,22,Male,Alexandria,seif.mansour@kayfa-student.io,G09,2025-12-01,Group 09 — C006,C006,Dr. Mona Saad,Thursday,Machine Learning Basics,Analytics,Advanced,68.62,84.61538461538461,19,8816.0,146.93333333333334,12.0
S0050,Karim Sultan,23,Male,Tanta,karim.sultan@kayfa-student.io,G05,2025-12-03,Group 05 — C003,C003,Eng. Khaled Adel,Tuesday,Web Development,Programming,Intermediate,82.64,80.76923076923077,18,10986.0,183.1,9.0
S0051,Hana Fathy,29,Female,Asyut,hana.fathy@kayfa-student.io,G05,2025-12-13,Group 05 — C003,C003,Eng. Khaled Adel,Tuesday,Web Development,Programming,Intermediate,66.9,88.46153846153845,22,17258.0,287.6333333333333,4.0
S0052,Youssef Mahmoud,25,Female,Tanta,youssef.mahmoud@kayfa-student.io,G08,2025-12-06,Group 08 — C006,C006,Dr. Laila ElBaz,Saturday,Machine Learning Basics,Analytics,Advanced,81.17999999999999,73.07692307692307,12,7593.0,126.55,2.0
S0053,Hassan Refaat,27,Female,Alexandria,hassan.refaat@kayfa-student.io,G01,2025-12-01,Group 01 — C001,C001,Eng. Khaled Adel,Thursday,Data Analytics Fundamentals,Analytics,Beginner,83.4,57.692307692307686,28,9446.0,157.43333333333334,2.0
S0054,Nada Naguib,23,Male,Giza,nada.naguib@kayfa-student.io,G08,2025-12-12,Group 08 — C006,C006,Dr. Laila ElBaz,Saturday,Machine Learning Basics,Analytics,Advanced,73.14,76.92307692307693,25,20226.0,337.1,7.0
S0055,Ali Naguib,21,Male,Zagazig,ali.naguib@kayfa-student.io,G02,2025-12-19,Group 02 — C001,C001,Dr. Mona Saad,Thursday,Data Analytics Fundamentals,Analytics,Beginner,73.96,80.76923076923077,24,13852.0,230.86666666666667,6.0
S0056,Hassan Ibrahim,20,Female,Zagazig,hassan.ibrahim@kayfa-student.io,G09,2025-12-03,Group 09 — C006,C006,Dr. Mona Saad,Thursday,Machine Learning Basics,Analytics,Advanced,88.1,61.53846153846154,36,17180.0,286.3333333333333,0.0
S0057,Sherif Halim,19,Male,Giza,sherif.halim@kayfa-student.io,G01,2025-12-18,Group 01 — C001,C001,Eng. Khaled Adel,Thursday,Data Analytics Fundamentals,Analytics,Beginner,89.24,88.46153846153845,21,18602.0,310.03333333333336,0.0
S0058,Sara Darwish,17,Female,Mansoura,sara.darwish@kayfa-student.io,G06,2025-12-16,Group 06 — C004,C004,Dr. Mona Saad,Saturday,UI/UX Design,Design,Beginner,77.56,76.92307692307693,28,10194.0,169.9,2.0
S0059,Amr Soliman,21,Male,Alexandria,amr.soliman@kayfa-student.io,G03,2025-12-20,Group 03 — C002,C002,Dr. Laila ElBaz,Sunday,Python Programming,Programming,Beginner,69.56,69.23076923076923,29,6635.0,110.58333333333333,10.0
S0060,Sara Awad,19,Female,Tanta,sara.awad@kayfa-student.io,G06,2025-12-16,Group 06 — C004,C004,Dr. Mona Saad,Saturday,UI/UX Design,Design,Beginner,80.3,80.76923076923077,19,8686.0,144.76666666666668,0.0
S0063,Hossam AbdelHamid,21,Female,Tanta,hossam.abdelhamid@kayfa-student.io,G04,2025-12-01,Group 04 — C002,C002,Eng. Hossam Refaat,Saturday,Python Programming,Programming,Beginner,72.42,88.46153846153845,21,15383.0,256.3833333333333,7.0
S0064,Salma ElGhandour,22,Female,Asyut,salma.elghandour@kayfa-student.io,G02,2025-12-20,Group 02 — C001,C001,Dr. Mona Saad,Thursday,Data Analytics Fundamentals,Analytics,Beginner,79.46000000000001,76.92307692307693,19,7181.0,119.68333333333334,5.0
S0065,Mostafa Gamal,22,Male,Port Said,mostafa.gamal@kayfa-student.io,G06,2025-12-19,Group 06 — C004,C004,Dr. Mona Saad,Saturday,UI/UX Design,Design,Beginner,75.96000000000001,80.76923076923077,31,18437.0,307.28333333333336,1.0
S0066,Fady Soliman,20,Female,Zagazig,fady.soliman@kayfa-student.io,G05,2025-12-01,Group 05 — C003,C003,Eng. Khaled Adel,Tuesday,Web Development,Programming,Intermediate,78.6,76.92307692307693,21,12749.0,212.48333333333332,0.0
S0068,Nada Hassan,27,Male,Zagazig,nada.hassan@kayfa-student.io,G04,2025-12-06,Group 04 — C002,C002,Eng. Hossam Refaat,Saturday,Python Programming,Programming,Beginner,81.84,73.07692307692307,14,11432.0,190.53333333333333,1.0
S0069,Hana Darwish,25,Female,Giza,hana.darwish@kayfa-student.io,G07,2025-12-02,Group 07 — C005,C005,Eng. Hossam Refaat,Wednesday,Digital Marketing,Business,Beginner,76.58,61.53846153846154,17,9398.0,156.63333333333333,5.0
S0070,Sara Shawky,19,Female,Tanta,sara.shawky@kayfa-student.io,G05,2025-12-11,Group 05 — C003,C003,Eng. Khaled Adel,Tuesday,Web Development,Programming,Intermediate,74.58,80.76923076923077,30,9466.0,157.76666666666668,9.0
S0071,Sara Halim,17,Female,Alexandria,sara.halim@kayfa-student.io,G09,2025-12-03,Group 09 — C006,C006,Dr. Mona Saad,Thursday,Machine Learning Basics,Analytics,Advanced,81.6,69.23076923076923,8,3889.0,64.81666666666666,3.0
S0072,Ahmed Mansour,23,Female,Mansoura,ahmed.mansour@kayfa-student.io,G05,2025-12-09,Group 05 — C003,C003,Eng. Khaled Adel,Tuesday,Web Development,Programming,Intermediate,83.38,92.3076923076923,23,8064.0,134.4,0.0
S0073,Fady Refaat,21,Female,Fayoum,fady.refaat@kayfa-student.io,G07,2025-12-16,Group 07 — C005,C005,Eng. Hossam Refaat,Wednesday,Digital Marketing,Business,Beginner,71.06,50.0,13,10083.0,168.05,9.0
S0074,Sherif Zaki,25,Female,Alexandria,sherif.zaki@kayfa-student.io,G08,2025-12-09,Group 08 — C006,C006,Dr. Laila ElBaz,Saturday,Machine Learning Basics,Analytics,Advanced,72.78,65.38461538461539,27,7937.0,132.28333333333333,2.0
S0075,Hana Mahmoud,22,Female,Tanta,hana.mahmoud@kayfa-student.io,G02,2025-12-06,Group 02 — C001,C001,Dr. Mona Saad,Thursday,Data Analytics Fundamentals,Analytics,Beginner,77.97999999999999,76.92307692307693,17,5482.0,91.36666666666666,4.0
S0076,Ali Hassan,24,Male,Mansoura,ali.hassan@kayfa-student.io,G04,2025-12-17,Group 04 — C002,C002,Eng. Hossam Refaat,Saturday,Python Programming,Programming,Beginner,72.16,76.92307692307693,17,6473.0,107.88333333333334,7.0
S0078,Mona Farouk,19,Female,Mansoura,mona.farouk@kayfa-student.io,G04,2025-12-15,Group 04 — C002,C002,Eng. Hossam Refaat,Saturday,Python Programming,Programming,Beginner,69.06,84.61538461538461,9,11595.0,193.25,11.0
S0079,Ahmed Kamel,21,Male,Ismailia,ahmed.kamel@kayfa-student.io,G03,2025-12-14,Group 03 — C002,C002,Dr. Laila ElBaz,Sunday,Python Programming,Programming,Beginner,82.17999999999999,69.23076923076923,17,13449.0,224.15,2.0
S0081,Mostafa ElMasry,21,Male,Fayoum,mostafa.elmasry@kayfa-student.io,G04,2025-12-19,Group 04 — C002,C002,Eng. Hossam Refaat,Saturday,Python Programming,Programming,Beginner,66.92,88.46153846153845,18,9870.0,164.5,14.0
S0082,Fady Shawky,17,Female,Port Said,fady.shawky@kayfa-student.io,G09,2025-12-20,Group 09 — C006,C006,Dr. Mona Saad,Thursday,Machine Learning Basics,Analytics,Advanced,90.36,88.46153846153845,24,22735.0,378.9166666666667,1.0
S0083,Seif ElMasry,26,Male,Fayoum,seif.elmasry@kayfa-student.io,G09,2025-12-09,Group 09 — C006,C006,Dr. Mona Saad,Thursday,Machine Learning Basics,Analytics,Advanced,79.52000000000001,57.692307692307686,14,5920.0,98.66666666666667,4.0
S0084,Mariam Habib,20,Female,Asyut,mariam.habib@kayfa-student.io,G08,2025-12-06,Group 08 — C006,C006,Dr. Laila ElBaz,Saturday,Machine Learning Basics,Analytics,Advanced,81.98,88.46153846153845,26,9357.0,155.95,3.0
S0085,Salma ElMasry,24,Male,Tanta,salma.elmasry@kayfa-student.io,G08,2025-12-13,Group 08 — C006,C006,Dr. Laila ElBaz,Saturday,Machine Learning Basics,Analytics,Advanced,82.47999999999999,84.61538461538461,26,17106.0,285.1,2.0
S0086,Yasmin Naguib,24,Male,Alexandria,yasmin.naguib@kayfa-student.io,G04,2025-12-06,Group 04 — C002,C002,Eng. Hossam Refaat,Saturday,Python Programming,Programming,Beginner,69.6,76.92307692307693,27,13998.0,233.3,11.0
S0087,Ali ElBaz,23,Male,Giza,ali.elbaz@kayfa-student.io,G03,2025-12-05,Group 03 — C002,C002,Dr. Laila ElBaz,Sunday,Python Programming,Programming,Beginner,90.46000000000001,84.61538461538461,23,8575.0,142.91666666666666,0.0
S0088,Ziad ElMasry,17,Female,Cairo,ziad.elmasry@kayfa-student.io,G07,2025-12-09,Group 07 — C005,C005,Eng. Hossam Refaat,Wednesday,Digital Marketing,Business,Beginner,68.86,69.23076923076923,26,7476.0,124.6,4.0
S0089,Mona Kamel,23,Male,Port Said,mona.kamel@kayfa-student.io,G04,2025-12-17,Group 04 — C002,C002,Eng. Hossam Refaat,Saturday,Python Programming,Programming,Beginner,68.64,73.07692307692307,26,8138.0,135.63333333333333,8.0
S0090,Rana Mansour,20,Female,Ismailia,rana.mansour@kayfa-student.io,G07,2025-12-10,Group 07 — C005,C005,Eng. Hossam Refaat,Wednesday,Digital Marketing,Business,Beginner,60.06,61.53846153846154,14,8712.0,145.2,16.0
S0091,Ziad Awad,25,Male,Fayoum,ziad.awad@kayfa-student.io,G09,2025-12-15,Group 09 — C006,C006,Dr. Mona Saad,Thursday,Machine Learning Basics,Analytics,Advanced,81.96000000000001,88.46153846153845,24,10941.0,182.35,6.0
S0092,Rowan Hassan,17,Female,Zagazig,rowan.hassan@kayfa-student.io,G04,2025-12-06,Group 04 — C002,C002,Eng. Hossam Refaat,Saturday,Python Programming,Programming,Beginner,95.9,92.3076923076923,26,17517.0,291.95,3.0
S0094,Nada Saad,24,Female,Alexandria,nada.saad@kayfa-student.io,G01,2025-12-02,Group 01 — C001,C001,Eng. Khaled Adel,Thursday,Data Analytics Fundamentals,Analytics,Beginner,61.1,92.5925925925926,16,7038.0,117.3,9.0
S0097,Ziad Ibrahim,20,Female,Mansoura,ziad.ibrahim@kayfa-student.io,G02,2025-12-10,Group 02 — C001,C001,Dr. Mona Saad,Thursday,Data Analytics Fundamentals,Analytics,Beginner,74.22,80.76923076923077,26,12848.0,214.13333333333333,4.0
S0098,Mahmoud Kamel,25,Male,Mansoura,mahmoud.kamel@kayfa-student.io,G02,2025-12-16,Group 02 — C001,C001,Dr. Mona Saad,Thursday,Data Analytics Fundamentals,Analytics,Beginner,74.67999999999999,88.46153846153845,28,10735.0,178.91666666666666,5.0
S0099,Ali Ramadan,26,Male,Fayoum,ali.ramadan@kayfa-student.io,G04,2025-12-17,Group 04 — C002,C002,Eng. Hossam Refaat,Saturday,Python Programming,Programming,Beginner,76.8,80.76923076923077,21,21751.0,362.51666666666665,2.0
S0100,Sherif ElMasry,20,Female,Zagazig,sherif.elmasry@kayfa-student.io,G02,2025-12-12,Group 02 — C001,C001,Dr. Mona Saad,Thursday,Data Analytics Fundamentals,Analytics,Beginner,88.14000000000001,92.3076923076923,32,16809.0,280.15,4.0
S0101,Mostafa Kamel,22,Male,Tanta,mostafa.kamel@kayfa-student.io,G03,2025-12-13,Group 03 — C002,C002,Dr. Laila ElBaz,Sunday,Python Programming,Programming,Beginner,77.92,76.92307692307693,14,6683.0,111.38333333333334,4.0
S0102,Farida ElShafei,30,Female,Ismailia,farida.elshafei@kayfa-student.io,G02,2025-12-12,Group 02 — C001,C001,Dr. Mona Saad,Thursday,Data Analytics Fundamentals,Analytics,Beginner,74.64,88.46153846153845,29,10291.0,171.51666666666668,10.0
S0103,Mariam Abdelaziz,20,Female,Port Said,mariam.abdelaziz@kayfa-student.io,G04,2025-12-02,Group 04 — C002,C002,Eng. Hossam Refaat,Saturday,Python Programming,Programming,Beginner,84.3,80.76923076923077,21,4860.0,81.0,6.0
S0104,Abdelrahman Awad,23,Male,Zagazig,abdelrahman.awad@kayfa-student.io,G02,2025-12-16,Group 02 — C001,C001,Dr. Mona Saad,Thursday,Data Analytics Fundamentals,Analytics,Beginner,85.74,92.3076923076923,27,16960.0,282.6666666666667,1.0
S0105,Aya Mahmoud,20,Female,Cairo,aya.mahmoud@kayfa-student.io,G09,2025-12-09,Group 09 — C006,C006,Dr. Mona Saad,Thursday,Machine Learning Basics,Analytics,Advanced,80.38,76.92307692307693,20,5436.0,90.6,4.0
S0106,Karim Soliman,19,Female,Fayoum,karim.soliman@kayfa-student.io,G07,2025-12-17,Group 07 — C005,C005,Eng. Hossam Refaat,Wednesday,Digital Marketing,Business,Beginner,62.14,65.38461538461539,26,10085.0,168.08333333333334,10.0
S0107,Jana Refaat,20,Female,Port Said,jana.refaat@kayfa-student.io,G03,2025-12-09,Group 03 — C002,C002,Dr. Laila ElBaz,Sunday,Python Programming,Programming,Beginner,73.02000000000001,76.92307692307693,16,4241.0,70.68333333333334,6.0
S0108,Menna Soliman,23,Female,Zagazig,menna.soliman@kayfa-student.io,G09,2025-12-16,Group 09 — C006,C006,Dr. Mona Saad,Thursday,Machine Learning Basics,Analytics,Advanced,81.67999999999999,80.76923076923077,24,6376.0,106.26666666666667,6.0
S0109,Unknown Student,22,Female,Mansoura,khaled.gamal@kayfa-student.io,G04,2025-12-17,Group 04 — C002,C002,Eng. Hossam Refaat,Saturday,Python Programming,Programming,Beginner,79.78,88.46153846153845,20,15849.0,264.15,3.0
S0110,Mona Shawky,22,Male,Fayoum,mona.shawky@kayfa-student.io,G08,2025-12-12,Group 08 — C006,C006,Dr. Laila ElBaz,Saturday,Machine Learning Basics,Analytics,Advanced,70.36,69.23076923076923,20,13624.0,227.06666666666666,14.0
S0111,Sherif ElGhandour,27,Female,Zagazig,sherif.elghandour@kayfa-student.io,G06,2025-12-04,Group 06 — C004,C004,Dr. Mona Saad,Saturday,UI/UX Design,Design,Beginner,79.88,100.0,27,20075.0,334.5833333333333,1.0
S0112,Salma Naguib,20,Male,Asyut,salma.naguib@kayfa-student.io,G05,2025-12-18,Group 05 — C003,C003,Eng. Khaled Adel,Tuesday,Web Development,Programming,Intermediate,83.34,73.07692307692307,15,13492.0,224.86666666666667,0.0
S0113,Sara Farouk,23,Female,Fayoum,sara.farouk@kayfa-student.io,G04,2025-12-02,Group 04 — C002,C002,Eng. Hossam Refaat,Saturday,Python Programming,Programming,Beginner,75.47999999999999,76.92307692307693,20,8475.0,141.25,9.0
S0114,Mohamed Mahmoud,21,Female,Mansoura,mohamed.mahmoud@kayfa-student.io,G08,2025-12-09,Group 08 — C006,C006,Dr. Laila ElBaz,Saturday,Machine Learning Basics,Analytics,Advanced,88.32000000000001,88.46153846153845,23,10599.0,176.65,2.0
S0115,Farida Halim,24,Female,Fayoum,farida.halim@kayfa-student.io,G07,2025-12-14,Group 07 — C005,C005,Eng. Hossam Refaat,Wednesday,Digital Marketing,Business,Beginner,52.44,53.84615384615385,19,9085.0,151.41666666666666,21.0
S0116,Nada Sultan,21,Female,Zagazig,nada.sultan@kayfa-student.io,G09,2025-12-11,Group 09 — C006,C006,Dr. Mona Saad,Thursday,Machine Learning Basics,Analytics,Advanced,85.84,69.23076923076923,34,12031.0,200.51666666666668,1.0
S0117,Nour Ramadan,24,Female,Mansoura,nour.ramadan@kayfa-student.io,G08,2025-12-06,Group 08 — C006,C006,Dr. Laila ElBaz,Saturday,Machine Learning Basics,Analytics,Advanced,69.38,84.61538461538461,23,8513.0,141.88333333333333,7.0
S0119,Salma Sultan,20,Female,Giza,salma.sultan@kayfa-student.io,G04,2025-12-15,Group 04 — C002,C002,Eng. Hossam Refaat,Saturday,Python Programming,Programming,Beginner,86.88,61.53846153846154,42,16420.0,273.6666666666667,2.0
S0121,Mahmoud Ibrahim,21,Female,Alexandria,mahmoud.ibrahim@kayfa-student.io,G09,2025-12-03,Group 09 — C006,C006,Dr. Mona Saad,Thursday,Machine Learning Basics,Analytics,Advanced,83.02000000000001,84.61538461538461,23,17209.0,286.81666666666666,7.0
S0122,Ahmed ElShafei,24,Female,Fayoum,ahmed.elshafei@kayfa-student.io,G08,2025-12-03,Group 08 — C006,C006,Dr. Laila ElBaz,Saturday,Machine Learning Basics,Analytics,Advanced,69.58,73.07692307692307,18,4822.0,80.36666666666666,6.0
S0123,Amr Ibrahim,25,Female,Fayoum,amr.ibrahim@kayfa-student.io,G08,2025-12-09,Group 08 — C006,C006,Dr. Laila ElBaz,Saturday,Machine Learning Basics,Analytics,Advanced,83.97999999999999,80.76923076923077,27,9907.0,165.11666666666667,1.0
S0124,Dina Farouk,29,Male,Port Said,dina.farouk@kayfa-student.io,G02,2025-12-17,Group 02 — C001,C001,Dr. Mona Saad,Thursday,Data Analytics Fundamentals,Analytics,Beginner,78.96000000000001,84.61538461538461,22,20004.0,333.4,4.0
S0125,Abdelrahman Mansour,28,Male,Mansoura,abdelrahman.mansour@kayfa-student.io,G01,2025-12-04,Group 01 — C001,C001,Eng. Khaled Adel,Thursday,Data Analytics Fundamentals,Analytics,Beginner,82.67999999999999,88.46153846153845,23,13687.0,228.11666666666667,1.0
S0127,Laila Mansour,25,Female,Tanta,laila.mansour@kayfa-student.io,G07,2025-12-10,Group 07 — C005,C005,Eng. Hossam Refaat,Wednesday,Digital Marketing,Business,Beginner,59.660000000000004,57.692307692307686,9,4075.0,67.91666666666667,16.0
S0128,Karim Kamel,17,Male,Mansoura,karim.kamel@kayfa-student.io,G01,2025-12-13,Group 01 — C001,C001,Eng. Khaled Adel,Thursday,Data Analytics Fundamentals,Analytics,Beginner,76.03999999999999,65.38461538461539,16,8167.0,136.11666666666667,3.0
S0129,Tarek Ramadan,21,Male,Asyut,tarek.ramadan@kayfa-student.io,G05,2025-12-14,Group 05 — C003,C003,Eng. Khaled Adel,Tuesday,Web Development,Programming,Intermediate,81.08,76.92307692307693,25,11048.0,184.13333333333333,3.0
S0130,Sara ElMasry,23,Female,Tanta,sara.elmasry@kayfa-student.io,G02,2025-12-04,Group 02 — C001,C001,Dr. Mona Saad,Thursday,Data Analytics Fundamentals,Analytics,Beginner,91.72,80.76923076923077,21,11771.0,196.18333333333334,1.0
S0131,Habiba ElBaz,22,Female,Giza,habiba.elbaz@kayfa-student.io,G01,2025-12-05,Group 01 — C001,C001,Eng. Khaled Adel,Thursday,Data Analytics Fundamentals,Analytics,Beginner,59.779999999999994,76.92307692307693,17,11075.0,184.58333333333334,17.0
S0132,Marwan Halim,23,Male,Ismailia,marwan.halim@kayfa-student.io,G04,2025-12-19,Group 04 — C002,C002,Eng. Hossam Refaat,Saturday,Python Programming,Programming,Beginner,79.74,76.92307692307693,22,7106.0,118.43333333333334,8.0
S0133,Ali Gamal,21,Male,Giza,ali.gamal@kayfa-student.io,G02,2025-12-11,Group 02 — C001,C001,Dr. Mona Saad,Thursday,Data Analytics Fundamentals,Analytics,Beginner,72.62,92.3076923076923,25,13889.0,231.48333333333332,7.0
S0134,Farida Darwish,22,Female,Fayoum,farida.darwish@kayfa-student.io,G01,2025-12-04,Group 01 — C001,C001,Eng. Khaled Adel,Thursday,Data Analytics Fundamentals,Analytics,Beginner,78.46000000000001,73.07692307692307,20,9266.0,154.43333333333334,5.0
S0135,Unknown Student,25,Female,Tanta,farida.elbaz@kayfa-student.io,G02,2025-12-10,Group 02 — C001,C001,Dr. Mona Saad,Thursday,Data Analytics Fundamentals,Analytics,Beginner,83.02000000000001,96.15384615384616,19,13911.0,231.85,2.0
S0136,Laila Mahmoud,18,Male,Ismailia,laila.mahmoud@kayfa-student.io,G09,2025-12-11,Group 09 — C006,C006,Dr. Mona Saad,Thursday,Machine Learning Basics,Analytics,Advanced,68.1,65.38461538461539,22,6041.0,100.68333333333334,6.0
S0138,Salma ElShafei,21,Male,Alexandria,salma.elshafei@kayfa-student.io,G01,2025-12-20,Group 01 — C001,C001,Eng. Khaled Adel,Thursday,Data Analytics Fundamentals,Analytics,Beginner,86.12,80.76923076923077,29,9895.0,164.91666666666666,2.0
S0139,Laila Gamal,20,Male,Port Said,laila.gamal@kayfa-student.io,G08,2025-12-11,Group 08 — C006,C006,Dr. Laila ElBaz,Saturday,Machine Learning Basics,Analytics,Advanced,87.38,96.15384615384616,33,12057.0,200.95,0.0
S0140,Rowan Mahmoud,17,Female,Zagazig,rowan.mahmoud@kayfa-student.io,G07,2025-12-13,Group 07 — C005,C005,Eng. Hossam Refaat,Wednesday,Digital Marketing,Business,Beginner,70.96000000000001,42.30769230769231,17,3483.0,58.05,3.0
S0141,Karim Nasr,25,Male,Zagazig,karim.nasr@kayfa-student.io,G07,2025-12-07,Group 07 — C005,C005,Eng. Hossam Refaat,Wednesday,Digital Marketing,Business,Beginner,74.36,76.92307692307693,20,5071.0,84.51666666666667,6.0
S0142,Habiba Halim,17,Female,Asyut,habiba.halim@kayfa-student.io,G07,2025-12-14,Group 07 — C005,C005,Eng. Hossam Refaat,Wednesday,Digital Marketing,Business,Beginner,63.3,50.0,13,6335.0,105.58333333333333,15.0
S0143,Yasmin Gamal,19,Female,Giza,yasmin.gamal@kayfa-student.io,G01,2025-12-10,Group 01 — C001,C001,Eng. Khaled Adel,Thursday,Data Analytics Fundamentals,Analytics,Beginner,81.46000000000001,76.92307692307693,17,8412.0,140.2,1.0
S0144,Ahmed Halim,23,Female,Ismailia,ahmed.halim@kayfa-student.io,G07,2025-12-18,Group 07 — C005,C005,Eng. Hossam Refaat,Wednesday,Digital Marketing,Business,Beginner,70.94,73.07692307692307,20,3581.0,59.68333333333333,3.0
S0145,Aya Darwish,19,Female,Fayoum,aya.darwish@kayfa-student.io,G01,2025-12-04,Group 01 — C001,C001,Eng. Khaled Adel,Thursday,Data Analytics Fundamentals,Analytics,Beginner,71.66,73.07692307692307,21,8704.0,145.06666666666666,8.0
S0146,Seif Saad,22,Female,Fayoum,seif.saad@kayfa-student.io,G01,2025-12-05,Group 01 — C001,C001,Eng. Khaled Adel,Thursday,Data Analytics Fundamentals,Analytics,Beginner,74.12,84.61538461538461,24,4407.0,73.45,6.0
S0147,Fady Awad,17,Male,Alexandria,fady.awad@kayfa-student.io,G08,2025-12-03,Group 08 — C006,C006,Dr. Laila ElBaz,Saturday,Machine Learning Basics,Analytics,Advanced,73.6,46.15384615384615,11,3955.0,65.91666666666667,10.0
S0148,Seif Soliman,19,Male,Mansoura,seif.soliman@kayfa-student.io,G05,2025-12-12,Group 05 — C003,C003,Eng. Khaled Adel,Tuesday,Web Development,Programming,Intermediate,72.97999999999999,76.92307692307693,24,9484.0,158.06666666666666,9.0
S0149,Mostafa Refaat,25,Male,Fayoum,mostafa.refaat@kayfa-student.io,G02,2025-12-10,Group 02 — C001,C001,Dr. Mona Saad,Thursday,Data Analytics Fundamentals,Analytics,Beginner,77.75999999999999,76.92307692307693,17,14996.0,249.93333333333334,3.0
S0150,Salma Soliman,25,Female,Fayoum,salma.soliman@kayfa-student.io,G05,2025-12-11,Group 05 — C003,C003,Eng. Khaled Adel,Tuesday,Web Development,Programming,Intermediate,82.52000000000001,69.23076923076923,35,11239.0,187.31666666666666,3.0
S0151,Ali AbdelHamid,18,Male,Port Said,ali.abdelhamid@kayfa-student.io,G04,2025-12-10,Group 04 — C002,C002,Eng. Hossam Refaat,Saturday,Python Programming,Programming,Beginner,89.9,84.61538461538461,28,12410.0,206.83333333333334,3.0
S0152,Hassan Nasr,23,Male,Tanta,hassan.nasr@kayfa-student.io,G09,2025-12-15,Group 09 — C006,C006,Dr. Mona Saad,Thursday,Machine Learning Basics,Analytics,Advanced,75.8,80.76923076923077,19,10559.0,175.98333333333332,12.0
S0153,Malak Gamal,23,Male,Tanta,malak.gamal@kayfa-student.io,G07,2025-12-07,Group 07 — C005,C005,Eng. Hossam Refaat,Wednesday,Digital Marketing,Business,Beginner,73.1,53.84615384615385,15,6972.0,116.2,5.0
S0155,Rana Shawky,26,Female,Fayoum,rana.shawky@kayfa-student.io,G08,2025-12-11,Group 08 — C006,C006,Dr. Laila ElBaz,Saturday,Machine Learning Basics,Analytics,Advanced,78.36,76.92307692307693,20,6136.0,102.26666666666667,2.0
S0156,Mariam ElShafei,24,Female,Mansoura,mariam.elshafei@kayfa-student.io,G06,2025-12-18,Group 06 — C004,C004,Dr. Mona Saad,Saturday,UI/UX Design,Design,Beginner,83.2,92.3076923076923,31,10775.0,179.58333333333334,3.0
S0157,Esraa ElBaz,23,Female,Ismailia,esraa.elbaz@kayfa-student.io,G07,2025-12-01,Group 07 — C005,C005,Eng. Hossam Refaat,Wednesday,Digital Marketing,Business,Beginner,62.8,57.692307692307686,25,4682.0,78.03333333333333,14.0
S0158,Mahmoud Saad,26,Female,Giza,mahmoud.saad@kayfa-student.io,G03,2025-12-10,Group 03 — C002,C002,Dr. Laila ElBaz,Sunday,Python Programming,Programming,Beginner,84.78,92.3076923076923,29,11793.0,196.55,3.0
S0159,Menna Hassan,22,Female,Ismailia,menna.hassan@kayfa-student.io,G08,2025-12-02,Group 08 — C006,C006,Dr. Laila ElBaz,Saturday,Machine Learning Basics,Analytics,Advanced,74.66,88.46153846153845,33,14954.0,249.23333333333332,1.0
S0160,Nour Shawky,20,Female,Giza,nour.shawky@kayfa-student.io,G03,2025-12-02,Group 03 — C002,C002,Dr. Laila ElBaz,Sunday,Python Programming,Programming,Beginner,74.38,69.23076923076923,16,10244.0,170.73333333333332,7.0
S0161,Ziad AbdelHamid,22,Female,Fayoum,ziad.abdelhamid@kayfa-student.io,G06,2025-12-18,Group 06 — C004,C004,Dr. Mona Saad,Saturday,UI/UX Design,Design,Beginner,86.97999999999999,76.92307692307693,17,7675.0,127.91666666666667,3.0
S0162,Omar Ramadan,19,Female,Mansoura,omar.ramadan@kayfa-student.io,G09,2025-12-01,Group 09 — C006,C006,Dr. Mona Saad,Thursday,Machine Learning Basics,Analytics,Advanced,81.58,84.61538461538461,22,8802.0,146.7,2.0
S0164,Mohamed Ibrahim,17,Female,Cairo,mohamed.ibrahim@kayfa-student.io,G03,2025-12-14,Group 03 — C002,C002,Dr. Laila ElBaz,Sunday,Python Programming,Programming,Beginner,79.56,80.76923076923077,16,15937.0,265.6166666666667,7.0
S0166,Amr ElSayed,25,Male,Giza,amr.elsayed@kayfa-student.io,G07,2025-12-12,Group 07 — C005,C005,Eng. Hossam Refaat,Wednesday,Digital Marketing,Business,Beginner,64.78,69.23076923076923,13,3793.0,63.21666666666667,9.0
S0167,Mariam Farouk,24,Female,Mansoura,mariam.farouk@kayfa-student.io,G07,2025-12-13,Group 07 — C005,C005,Eng. Hossam Refaat,Wednesday,Digital Marketing,Business,Beginner,66.92,76.92307692307693,23,7124.0,118.73333333333333,8.0
S0168,Menna Gamal,17,Female,Fayoum,menna.gamal@kayfa-student.io,G08,2025-12-13,Group 08 — C006,C006,Dr. Laila ElBaz,Saturday,Machine Learning Basics,Analytics,Advanced,57.67999999999999,69.23076923076923,22,6935.0,115.58333333333333,20.0
S0169,Tarek Mahmoud,25,Female,Zagazig,tarek.mahmoud@kayfa-student.io,G05,2025-12-14,Group 05 — C003,C003,Eng. Khaled Adel,Tuesday,Web Development,Programming,Intermediate,72.66,92.3076923076923,23,8887.0,148.11666666666667,6.0
S0170,Nada ElBaz,22,Female,Fayoum,nada.elbaz@kayfa-student.io,G05,2025-12-13,Group 05 — C003,C003,Eng. Khaled Adel,Tuesday,Web Development,Programming,Intermediate,64.4,73.07692307692307,29,7981.0,133.01666666666668,10.0
S0171,Mona Nasr,22,Female,Giza,mona.nasr@kayfa-student.io,G05,2025-12-04,Group 05 — C003,C003,Eng. Khaled Adel,Tuesday,Web Development,Programming,Intermediate,68.16,80.76923076923077,19,5525.0,92.08333333333333,11.0
S0172,Rana ElShafei,24,Female,Tanta,rana.elshafei@kayfa-student.io,G04,2025-12-08,Group 04 — C002,C002,Eng. Hossam Refaat,Saturday,Python Programming,Programming,Beginner,69.76,57.692307692307686,17,5903.0,98.38333333333334,8.0
S0173,Dina Gamal,19,Male,Port Said,dina.gamal@kayfa-student.io,G01,2025-12-20,Group 01 — C001,C001,Eng. Khaled Adel,Thursday,Data Analytics Fundamentals,Analytics,Beginner,74.92,66.66666666666666,11,8174.0,136.23333333333332,6.0
S0174,Rowan Habib,27,Female,Mansoura,rowan.habib@kayfa-student.io,G01,2025-12-19,Group 01 — C001,C001,Eng. Khaled Adel,Thursday,Data Analytics Fundamentals,Analytics,Beginner,74.56,76.92307692307693,18,12947.0,215.78333333333333,9.0
S0175,Hossam Darwish,17,Female,Alexandria,hossam.darwish@kayfa-student.io,G06,2025-12-05,Group 06 — C004,C004,Dr. Mona Saad,Saturday,UI/UX Design,Design,Beginner,81.02000000000001,96.15384615384616,31,13050.0,217.5,0.0
S0176,Mahmoud Mansour,23,Female,Cairo,mahmoud.mansour@kayfa-student.io,G02,2025-12-19,Group 02 — C001,C001,Dr. Mona Saad,Thursday,Data Analytics Fundamentals,Analytics,Beginner,82.66,80.76923076923077,21,8397.0,139.95,1.0
S0177,Khaled Mansour,24,Female,Ismailia,khaled.mansour@kayfa-student.io,G06,2025-12-15,Group 06 — C004,C004,Dr. Mona Saad,Saturday,UI/UX Design,Design,Beginner,84.03999999999999,80.76923076923077,15,7818.0,130.3,0.0
S0178,Ziad ElGhandour,22,Female,Alexandria,ziad.elghandour@kayfa-student.io,G03,2025-12-05,Group 03 — C002,C002,Dr. Laila ElBaz,Sunday,Python Programming,Programming,Beginner,73.58,61.53846153846154,26,6919.0,115.31666666666666,5.0
S0179,Esraa Awad,17,Female,Zagazig,esraa.awad@kayfa-student.io,G05,2025-12-19,Group 05 — C003,C003,Eng. Khaled Adel,Tuesday,Web Development,Programming,Intermediate,70.4,96.15384615384616,24,10390.0,173.16666666666666,9.0
S0180,Omar Saad,26,Male,Ismailia,omar.saad@kayfa-student.io,G02,2025-12-10,Group 02 — C001,C001,Dr. Mona Saad,Thursday,Data Analytics Fundamentals,Analytics,Beginner,78.6,84.61538461538461,21,10343.0,172.38333333333333,4.0
S0181,Dina Hassan,19,Female,Asyut,dina.hassan@kayfa-student.io,G09,2025-12-08,Group 09 — C006,C006,Dr. Mona Saad,Thursday,Machine Learning Basics,Analytics,Advanced,64.76,92.3076923076923,18,11491.0,191.51666666666668,10.0
S0182,Nour ElShafei,17,Female,Zagazig,nour.elshafei@kayfa-student.io,G02,2025-12-10,Group 02 — C001,C001,Dr. Mona Saad,Thursday,Data Analytics Fundamentals,Analytics,Beginner,88.78,92.3076923076923,21,10877.0,181.28333333333333,2.0
S0183,Esraa Hassan,30,Female,Port Said,esraa.hassan@kayfa-student.io,G02,2025-12-14,Group 02 — C001,C001,Dr. Mona Saad,Thursday,Data Analytics Fundamentals,Analytics,Beginner,89.78,80.76923076923077,24,16719.0,278.65,1.0
S0184,Menna ElBaz,21,Female,Ismailia,menna.elbaz@kayfa-student.io,G04,2025-12-13,Group 04 — C002,C002,Eng. Hossam Refaat,Saturday,Python Programming,Programming,Beginner,77.32000000000001,76.92307692307693,21,12473.0,207.88333333333333,4.0
S0186,Ziad Saad,24,Male,Fayoum,ziad.saad@kayfa-student.io,G02,2025-12-05,Group 02 — C001,C001,Dr. Mona Saad,Thursday,Data Analytics Fundamentals,Analytics,Beginner,88.9,88.46153846153845,32,13080.0,218.0,2.0
S0187,Ziad Soliman,20,Male,Ismailia,ziad.soliman@kayfa-student.io,G06,2025-12-14,Group 06 — C004,C004,Dr. Mona Saad,Saturday,UI/UX Design,Design,Beginner,74.42,69.23076923076923,25,9097.0,151.61666666666667,3.0
S0188,Sara Gamal,21,Female,Zagazig,sara.gamal@kayfa-student.io,G02,2025-12-17,Group 02 — C001,C001,Dr. Mona Saad,Thursday,Data Analytics Fundamentals,Analytics,Beginner,81.34,73.07692307692307,27,14423.0,240.38333333333333,6.0
S0189,Mariam Nasr,19,Female,Giza,mariam.nasr@kayfa-student.io,G04,2025-12-09,Group 04 — C002,C002,Eng. Hossam Refaat,Saturday,Python Programming,Programming,Beginner,74.67999999999999,80.76923076923077,18,8130.0,135.5,7.0
S0190,Rana Ibrahim,18,Female,Tanta,rana.ibrahim@kayfa-student.io,G06,2025-12-11,Group 06 — C004,C004,Dr. Mona Saad,Saturday,UI/UX Design,Design,Beginner,77.76,73.07692307692307,24,11348.0,189.13333333333333,2.0
S0191,Menna Mahmoud,17,Female,Port Said,menna.mahmoud@kayfa-student.io,G04,2025-12-20,Group 04 — C002,C002,Eng. Hossam Refaat,Saturday,Python Programming,Programming,Beginner,87.26,88.46153846153845,23,10205.0,170.08333333333334,2.0
S0192,Hana Ramadan,19,Female,Port Said,hana.ramadan@kayfa-student.io,G01,2025-12-02,Group 01 — C001,C001,Eng. Khaled Adel,Thursday,Data Analytics Fundamentals,Analytics,Beginner,81.22,88.46153846153845,30,15858.0,264.3,4.0
S0193,Seif Fathy,19,Male,Mansoura,seif.fathy@kayfa-student.io,G04,2025-12-02,Group 04 — C002,C002,Eng. Hossam Refaat,Saturday,Python Programming,Programming,Beginner,82.14,73.07692307692307,22,9187.0,153.11666666666667,2.0
S0194,Fady Hassan,22,Female,Alexandria,fady.hassan@kayfa-student.io,G06,2025-12-16,Group 06 — C004,C004,Dr. Mona Saad,Saturday,UI/UX Design,Design,Beginner,71.2,92.3076923076923,24,15081.0,251.35,5.0
S0195,Amr Abdelaziz,24,Male,Alexandria,amr.abdelaziz@kayfa-student.io,G03,2025-12-11,Group 03 — C002,C002,Dr. Laila ElBaz,Sunday,Python Programming,Programming,Beginner,72.84,76.92307692307693,25,7397.0,123.28333333333333,4.0
S0197,Hassan Sultan,20,Female,Asyut,hassan.sultan@kayfa-student.io,G03,2025-12-06,Group 03 — C002,C002,Dr. Laila ElBaz,Sunday,Python Programming,Programming,Beginner,77.78,84.61538461538461,24,12602.0,210.03333333333333,4.0
S0198,Esraa ElMasry,21,Female,Asyut,esraa.elmasry@kayfa-student.io,G02,2025-12-15,Group 02 — C001,C001,Dr. Mona Saad,Thursday,Data Analytics Fundamentals,Analytics,Beginner,75.24,80.76923076923077,28,8737.0,145.61666666666667,9.0
S0199,Adel Darwish,28,Male,Asyut,adel.darwish@kayfa-student.io,G02,2025-12-10,Group 02 — C001,C001,Dr. Mona Saad,Thursday,Data Analytics Fundamentals,Analytics,Beginner,80.6,84.61538461538461,29,11185.0,186.41666666666666,6.0
S0201,Rowan ElBaz,22,Female,Giza,rowan.elbaz@kayfa-student.io,G07,2025-12-14,Group 07 — C005,C005,Eng. Hossam Refaat,Wednesday,Digital Marketing,Business,Beginner,57.0,46.15384615384615,11,7707.0,128.45,20.0
S0202,Ali Mahmoud,21,Male,Tanta,ali.mahmoud@kayfa-student.io,G02,2025-12-07,Group 02 — C001,C001,Dr. Mona Saad,Thursday,Data Analytics Fundamentals,Analytics,Beginner,87.34,73.07692307692307,31,13498.0,224.96666666666667,0.0
S0203,Mona Darwish,22,Female,Fayoum,mona.darwish@kayfa-student.io,G09,2025-12-15,Group 09 — C006,C006,Dr. Mona Saad,Thursday,Machine Learning Basics,Analytics,Advanced,69.5,76.92307692307693,21,12523.0,208.71666666666667,10.0
S0204,Karim Awad,17,Male,Asyut,karim.awad@kayfa-student.io,G09,2025-12-13,Group 09 — C006,C006,Dr. Mona Saad,Thursday,Machine Learning Basics,Analytics,Advanced,83.92,69.23076923076923,15,7406.0,123.43333333333334,2.0
S0205,Adel Soliman,27,Female,Fayoum,adel.soliman@kayfa-student.io,G04,2025-12-09,Group 04 — C002,C002,Eng. Hossam Refaat,Saturday,Python Programming,Programming,Beginner,75.88,80.76923076923077,22,16052.0,267.53333333333336,4.0
S0206,Karim Shawky,22,Female,Zagazig,karim.shawky@kayfa-student.io,G07,2025-12-09,Group 07 — C005,C005,Eng. Hossam Refaat,Wednesday,Digital Marketing,Business,Beginner,74.1,65.38461538461539,24,12472.0,207.86666666666667,8.0
S0207,Ali Halim,25,Female,Giza,ali.halim@kayfa-student.io,G05,2025-12-08,Group 05 — C003,C003,Eng. Khaled Adel,Tuesday,Web Development,Programming,Intermediate,62.85999999999999,84.61538461538461,23,9432.0,157.2,11.0
S0208,Khaled Soliman,17,Male,Zagazig,khaled.soliman@kayfa-student.io,G02,2025-12-17,Group 02 — C001,C001,Dr. Mona Saad,Thursday,Data Analytics Fundamentals,Analytics,Beginner,83.34,76.92307692307693,14,6725.0,112.08333333333333,5.0
S0209,Marwan Naguib,22,Female,Giza,marwan.naguib@kayfa-student.io,G03,2025-12-12,Group 03 — C002,C002,Dr. Laila ElBaz,Sunday,Python Programming,Programming,Beginner,83.16,76.92307692307693,24,19194.0,319.9,5.0
S0210,Nada Nasr,18,Male,Tanta,nada.nasr@kayfa-student.io,G07,2025-12-08,Group 07 — C005,C005,Eng. Hossam Refaat,Wednesday,Digital Marketing,Business,Beginner,63.36,50.0,16,3691.0,61.516666666666666,10.0
S0211,Abdelrahman Zaki,18,Male,Alexandria,abdelrahman.zaki@kayfa-student.io,G05,2025-12-08,Group 05 — C003,C003,Eng. Khaled Adel,Tuesday,Web Development,Programming,Intermediate,83.9,80.76923076923077,25,11780.0,196.33333333333334,1.0
S0212,Karim ElGhandour,22,Female,Giza,karim.elghandour@kayfa-student.io,G08,2025-12-05,Group 08 — C006,C006,Dr. Laila ElBaz,Saturday,Machine Learning Basics,Analytics,Advanced,82.17999999999999,84.61538461538461,23,14354.0,239.23333333333332,1.0
S0214,Salma ElBaz,22,Female,Zagazig,salma.elbaz@kayfa-student.io,G05,2025-12-01,Group 05 — C003,C003,Eng. Khaled Adel,Tuesday,Web Development,Programming,Intermediate,83.02000000000001,88.46153846153845,20,9613.0,160.21666666666667,0.0
S0215,Ali ElShafei,17,Female,Giza,ali.elshafei@kayfa-student.io,G06,2025-12-01,Group 06 — C004,C004,Dr. Mona Saad,Saturday,UI/UX Design,Design,Beginner,78.06,88.46153846153845,19,14874.0,247.9,5.0
S0217,Tarek ElGhandour,22,Female,Zagazig,tarek.elghandour@kayfa-student.io,G07,2025-12-10,Group 07 — C005,C005,Eng. Hossam Refaat,Wednesday,Digital Marketing,Business,Beginner,68.96000000000001,57.692307692307686,20,6510.0,108.5,5.0
S0218,Ali ElSayed,17,Male,Giza,ali.elsayed@kayfa-student.io,G02,2025-12-18,Group 02 — C001,C001,Dr. Mona Saad,Thursday,Data Analytics Fundamentals,Analytics,Beginner,81.53999999999999,84.61538461538461,34,17486.0,291.43333333333334,6.0
S0219,Nada Farouk,22,Female,Ismailia,nada.farouk@kayfa-student.io,G05,2025-12-09,Group 05 — C003,C003,Eng. Khaled Adel,Tuesday,Web Development,Programming,Intermediate,72.86,80.76923076923077,25,10543.0,175.71666666666667,4.0
S0221,Marwan Farouk,19,Female,Cairo,marwan.farouk@kayfa-student.io,G02,2025-12-06,Group 02 — C001,C001,Dr. Mona Saad,Thursday,Data Analytics Fundamentals,Analytics,Beginner,87.72,73.07692307692307,24,11596.0,193.26666666666668,0.0
S0222,Fady Ibrahim,20,Male,Mansoura,fady.ibrahim@kayfa-student.io,G04,2025-12-08,Group 04 — C002,C002,Eng. Hossam Refaat,Saturday,Python Programming,Programming,Beginner,61.339999999999996,76.92307692307693,7,6186.0,103.1,11.0
S0223,Hassan Kamel,17,Female,Tanta,hassan.kamel@kayfa-student.io,G05,2025-12-19,Group 05 — C003,C003,Eng. Khaled Adel,Tuesday,Web Development,Programming,Intermediate,81.96000000000001,84.61538461538461,25,10693.0,178.21666666666667,6.0
S0224,Rowan Sultan,21,Female,Alexandria,rowan.sultan@kayfa-student.io,G06,2025-12-03,Group 06 — C004,C004,Dr. Mona Saad,Saturday,UI/UX Design,Design,Beginner,67.98,76.92307692307693,22,11762.0,196.03333333333333,10.0
S0225,Adel Zaki,19,Female,Giza,adel.zaki@kayfa-student.io,G03,2025-12-08,Group 03 — C002,C002,Dr. Laila ElBaz,Sunday,Python Programming,Programming,Beginner,63.739999999999995,80.76923076923077,37,12884.0,214.73333333333332,13.0
S0226,Mahmoud Soliman,19,Male,Fayoum,mahmoud.soliman@kayfa-student.io,G07,2025-12-18,Group 07 — C005,C005,Eng. Hossam Refaat,Wednesday,Digital Marketing,Business,Beginner,69.38,57.692307692307686,17,12905.0,215.08333333333334,7.0
S0227,Abdelrahman Soliman,19,Female,Ismailia,abdelrahman.soliman@kayfa-student.io,G02,2025-12-18,Group 02 — C001,C001,Dr. Mona Saad,Thursday,Data Analytics Fundamentals,Analytics,Beginner,85.02000000000001,92.3076923076923,33,10760.0,179.33333333333334,3.0
S0228,Mohamed Shawky,23,Male,Port Said,mohamed.shawky@kayfa-student.io,G05,2025-12-03,Group 05 — C003,C003,Eng. Khaled Adel,Tuesday,Web Development,Programming,Intermediate,77.47999999999999,73.07692307692307,17,8099.0,134.98333333333332,3.0
S0230,Dina Zaki,26,Male,Ismailia,dina.zaki@kayfa-student.io,G04,2025-12-09,Group 04 — C002,C002,Eng. Hossam Refaat,Saturday,Python Programming,Programming,Beginner,85.0,80.76923076923077,24,13533.0,225.55,3.0
S0231,Adel Shawky,19,Male,Giza,adel.shawky@kayfa-student.io,G05,2025-12-15,Group 05 — C003,C003,Eng. Khaled Adel,Tuesday,Web Development,Programming,Intermediate,75.03999999999999,100.0,21,8130.0,135.5,7.0
S0232,Jana Zaki,20,Male,Zagazig,jana.zaki@kayfa-student.io,G09,2025-12-13,Group 09 — C006,C006,Dr. Mona Saad,Thursday,Machine Learning Basics,Analytics,Advanced,82.46000000000001,80.76923076923077,18,14513.0,241.88333333333333,1.0
S0234,Fady Saad,22,Male,Alexandria,fady.saad@kayfa-student.io,G05,2025-12-04,Group 05 — C003,C003,Eng. Khaled Adel,Tuesday,Web Development,Programming,Intermediate,66.74,80.76923076923077,6,1334.0,22.233333333333334,17.0
S0235,Abdelrahman Kamel,17,Female,Port Said,abdelrahman.kamel@kayfa-student.io,G08,2025-12-10,Group 08 — C006,C006,Dr. Laila ElBaz,Saturday,Machine Learning Basics,Analytics,Advanced,72.46000000000001,80.76923076923077,24,9568.0,159.46666666666667,6.0
S0236,Yasmin Saad,25,Female,Giza,yasmin.saad@kayfa-student.io,G06,2025-12-18,Group 06 — C004,C004,Dr. Mona Saad,Saturday,UI/UX Design,Design,Beginner,68.26,65.38461538461539,25,4602.0,76.7,5.0
S0237,Farida Awad,22,Female,Port Said,farida.awad@kayfa-student.io,G08,2025-12-09,Group 08 — C006,C006,Dr. Laila ElBaz,Saturday,Machine Learning Basics,Analytics,Advanced,83.62,80.76923076923077,28,11555.0,192.58333333333334,3.0
S0238,Omar Mansour,17,Female,Fayoum,omar.mansour@kayfa-student.io,G01,2025-12-08,Group 01 — C001,C001,Eng. Khaled Adel,Thursday,Data Analytics Fundamentals,Analytics,Beginner,80.16,61.53846153846154,22,11818.0,196.96666666666667,2.0
S0242,Hana ElBaz,23,Female,Asyut,hana.elbaz@kayfa-student.io,G08,2025-12-03,Group 08 — C006,C006,Dr. Laila ElBaz,Saturday,Machine Learning Basics,Analytics,Advanced,81.44,57.692307692307686,21,4820.0,80.33333333333333,5.0
S0243,Laila ElMasry,25,Male,Zagazig,laila.elmasry@kayfa-student.io,G03,2025-12-01,Group 03 — C002,C002,Dr. Laila ElBaz,Sunday,Python Programming,Programming,Beginner,72.5,69.23076923076923,25,7629.0,127.15,8.0
S0244,Mona Soliman,22,Female,Port Said,mona.soliman@kayfa-student.io,G06,2025-12-19,Group 06 — C004,C004,Dr. Mona Saad,Saturday,UI/UX Design,Design,Beginner,76.64,80.76923076923077,27,13025.0,217.08333333333334,3.0
S0246,Habiba Gamal,22,Female,Zagazig,habiba.gamal@kayfa-student.io,G09,2025-12-14,Group 09 — C006,C006,Dr. Mona Saad,Thursday,Machine Learning Basics,Analytics,Advanced,82.28,84.61538461538461,25,11675.0,194.58333333333334,1.0
S0247,Ali ElGhandour,22,Female,Ismailia,ali.elghandour@kayfa-student.io,G02,2025-12-12,Group 02 — C001,C001,Dr. Mona Saad,Thursday,Data Analytics Fundamentals,Analytics,Beginner,64.9,61.53846153846154,17,6920.0,115.33333333333333,6.0
S0249,Jana Mahmoud,22,Female,Asyut,jana.mahmoud@kayfa-student.io,G03,2025-12-14,Group 03 — C002,C002,Dr. Laila ElBaz,Sunday,Python Programming,Programming,Beginner,84.2,69.23076923076923,23,7802.0,130.03333333333333,4.0
S0250,Farida ElSayed,25,Male,Zagazig,farida.elsayed@kayfa-student.io,G06,2025-12-01,Group 06 — C004,C004,Dr. Mona Saad,Saturday,UI/UX Design,Design,Beginner,75.36,92.3076923076923,22,6204.0,103.4,10.0
S0251,Hassan Saad,23,Male,Tanta,hassan.saad@kayfa-student.io,G08,2025-12-04,Group 08 — C006,C006,Dr. Laila ElBaz,Saturday,Machine Learning Basics,Analytics,Advanced,80.5,96.15384615384616,14,6706.0,111.76666666666667,3.0
S0252,Ziad Habib,19,Male,Zagazig,ziad.habib@kayfa-student.io,G02,2025-12-11,Group 02 — C001,C001,Dr. Mona Saad,Thursday,Data Analytics Fundamentals,Analytics,Beginner,80.53999999999999,80.76923076923077,33,20582.0,343.03333333333336,3.0
S0255,Laila Ramadan,23,Male,Tanta,laila.ramadan@kayfa-student.io,G08,2025-12-13,Group 08 — C006,C006,Dr. Laila ElBaz,Saturday,Machine Learning Basics,Analytics,Advanced,92.7,88.46153846153845,26,16612.0,276.8666666666667,1.0
S0256,Hossam ElGhandour,21,Female,Fayoum,hossam.elghandour@kayfa-student.io,G08,2025-12-19,Group 08 — C006,C006,Dr. Laila ElBaz,Saturday,Machine Learning Basics,Analytics,Advanced,66.86,57.692307692307686,16,3941.0,65.68333333333334,11.0
S0257,Malak Zaki,21,Female,Alexandria,malak.zaki@kayfa-student.io,G05,2025-12-16,Group 05 — C003,C003,Eng. Khaled Adel,Tuesday,Web Development,Programming,Intermediate,82.96000000000001,80.76923076923077,21,12548.0,209.13333333333333,0.0
S0259,Seif Abdelaziz,24,Male,Tanta,seif.abdelaziz@kayfa-student.io,G08,2025-12-18,Group 08 — C006,C006,Dr. Laila ElBaz,Saturday,Machine Learning Basics,Analytics,Advanced,73.74,80.76923076923077,27,9282.0,154.7,7.0
S0261,Adel Habib,21,Female,Zagazig,adel.habib@kayfa-student.io,G02,2025-12-19,Group 02 — C001,C001,Dr. Mona Saad,Thursday,Data Analytics Fundamentals,Analytics,Beginner,74.86,65.38461538461539,23,13155.0,219.25,6.0
S0263,Aya Ramadan,23,Female,Zagazig,aya.ramadan@kayfa-student.io,G07,2025-12-20,Group 07 — C005,C005,Eng. Hossam Refaat,Wednesday,Digital Marketing,Business,Beginner,59.160000000000004,46.15384615384615,17,10162.0,169.36666666666667,15.0
S0266,Khaled Hassan,21,Female,Mansoura,khaled.hassan@kayfa-student.io,G08,2025-12-13,Group 08 — C006,C006,Dr. Laila ElBaz,Saturday,Machine Learning Basics,Analytics,Advanced,83.3,88.46153846153845,34,11062.0,184.36666666666667,5.0
S0267,Fady Zaki,23,Female,Giza,fady.zaki@kayfa-student.io,G03,2025-12-11,Group 03 — C002,C002,Dr. Laila ElBaz,Sunday,Python Programming,Programming,Beginner,76.12,84.61538461538461,25,19379.0,322.98333333333335,8.0
S0268,Mostafa Ibrahim,22,Male,Ismailia,mostafa.ibrahim@kayfa-student.io,G05,2025-12-05,Group 05 — C003,C003,Eng. Khaled Adel,Tuesday,Web Development,Programming,Intermediate,86.67999999999999,73.07692307692307,20,13703.0,228.38333333333333,6.0
S0269,Rowan Darwish,17,Male,Asyut,rowan.darwish@kayfa-student.io,G08,2025-12-02,Group 08 — C006,C006,Dr. Laila ElBaz,Saturday,Machine Learning Basics,Analytics,Advanced,78.34,88.46153846153845,19,12858.0,214.3,5.0
S0270,Habiba Soliman,19,Female,Port Said,habiba.soliman@kayfa-student.io,G04,2025-12-15,Group 04 — C002,C002,Eng. Hossam Refaat,Saturday,Python Programming,Programming,Beginner,83.92,84.61538461538461,20,12078.0,201.3,3.0
S0271,Sara ElSayed,21,Female,Asyut,sara.elsayed@kayfa-student.io,G06,2025-12-05,Group 06 — C004,C004,Dr. Mona Saad,Saturday,UI/UX Design,Design,Beginner,62.9,53.84615384615385,23,5960.0,99.33333333333333,10.0
S0272,Jana Naguib,24,Male,Ismailia,jana.naguib@kayfa-student.io,G06,2025-12-02,Group 06 — C004,C004,Dr. Mona Saad,Saturday,UI/UX Design,Design,Beginner,75.8,80.76923076923077,14,10906.0,181.76666666666668,1.0
S0273,Mona ElGhandour,22,Female,Cairo,mona.elghandour@kayfa-student.io,G08,2025-12-01,Group 08 — C006,C006,Dr. Laila ElBaz,Saturday,Machine Learning Basics,Analytics,Advanced,64.03999999999999,76.92307692307693,19,3651.0,60.85,12.0
S0274,Rana Ramadan,28,Male,Port Said,rana.ramadan@kayfa-student.io,G06,2025-12-16,Group 06 — C004,C004,Dr. Mona Saad,Saturday,UI/UX Design,Design,Beginner,78.64,84.61538461538461,21,14767.0,246.11666666666667,4.0
S0275,Rana Naguib,17,Female,Alexandria,rana.naguib@kayfa-student.io,G06,2025-12-03,Group 06 — C004,C004,Dr. Mona Saad,Saturday,UI/UX Design,Design,Beginner,79.78,69.23076923076923,24,10954.0,182.56666666666666,0.0
S0276,Esraa Refaat,24,Male,Alexandria,esraa.refaat@kayfa-student.io,G08,2025-12-20,Group 08 — C006,C006,Dr. Laila ElBaz,Saturday,Machine Learning Basics,Analytics,Advanced,80.58,69.23076923076923,18,9619.0,160.31666666666666,4.0
S0277,Menna Ibrahim,17,Female,Mansoura,menna.ibrahim@kayfa-student.io,G02,2025-12-15,Group 02 — C001,C001,Dr. Mona Saad,Thursday,Data Analytics Fundamentals,Analytics,Beginner,77.0,73.07692307692307,34,10321.0,172.01666666666668,3.0
S0278,Mahmoud Shawky,26,Female,Asyut,mahmoud.shawky@kayfa-student.io,G01,2025-12-16,Group 01 — C001,C001,Eng. Khaled Adel,Thursday,Data Analytics Fundamentals,Analytics,Beginner,79.44000000000001,88.46153846153845,10,7382.0,123.03333333333333,5.0
S0279,Ziad Farouk,23,Female,Cairo,ziad.farouk@kayfa-student.io,G07,2025-12-20,Group 07 — C005,C005,Eng. Hossam Refaat,Wednesday,Digital Marketing,Business,Beginner,74.5,61.53846153846154,18,11946.0,199.1,2.0
S0280,Youssef Nasr,23,Female,Tanta,youssef.nasr@kayfa-student.io,G04,2025-12-06,Group 04 — C002,C002,Eng. Hossam Refaat,Saturday,Python Programming,Programming,Beginner,85.88,76.92307692307693,21,11889.0,198.15,3.0
S0281,Nada AbdelHamid,22,Female,Ismailia,nada.abdelhamid@kayfa-student.io,G02,2025-12-16,Group 02 — C001,C001,Dr. Mona Saad,Thursday,Data Analytics Fundamentals,Analytics,Beginner,75.16,73.07692307692307,30,14028.0,233.8,9.0
S0283,Khaled Sultan,21,Female,Giza,khaled.sultan@kayfa-student.io,G09,2025-12-06,Group 09 — C006,C006,Dr. Mona Saad,Thursday,Machine Learning Basics,Analytics,Advanced,84.1,80.76923076923077,26,9590.0,159.83333333333334,3.0
S0284,Amr Naguib,23,Female,Zagazig,amr.naguib@kayfa-student.io,G07,2025-12-13,Group 07 — C005,C005,Eng. Hossam Refaat,Wednesday,Digital Marketing,Business,Beginner,65.7,57.692307692307686,8,3759.0,62.65,9.0
S0285,Habiba Mansour,23,Female,Port Said,habiba.mansour@kayfa-student.io,G02,2025-12-02,Group 02 — C001,C001,Dr. Mona Saad,Thursday,Data Analytics Fundamentals,Analytics,Beginner,78.53999999999999,80.76923076923077,22,8282.0,138.03333333333333,4.0
S0286,Laila ElGhandour,18,Female,Cairo,laila.elghandour@kayfa-student.io,G07,2025-12-04,Group 07 — C005,C005,Eng. Hossam Refaat,Wednesday,Digital Marketing,Business,Beginner,69.1,61.53846153846154,25,7613.0,126.88333333333334,2.0
S0287,Unknown Student,20,Male,Giza,nada.gamal@kayfa-student.io,G06,2025-12-13,Group 06 — C004,C004,Dr. Mona Saad,Saturday,UI/UX Design,Design,Beginner,85.2,80.76923076923077,22,11628.0,193.8,0.0
S0288,Tarek Hassan,18,Male,Port Said,tarek.hassan@kayfa-student.io,G07,2025-12-08,Group 07 — C005,C005,Eng. Hossam Refaat,Wednesday,Digital Marketing,Business,Beginner,66.82000000000001,61.53846153846154,9,3450.0,57.5,15.0
S0290,Mahmoud Darwish,17,Male,Fayoum,mahmoud.darwish@kayfa-student.io,G07,2025-12-19,Group 07 — C005,C005,Eng. Hossam Refaat,Wednesday,Digital Marketing,Business,Beginner,64.72,65.38461538461539,13,10966.0,182.76666666666668,11.0
S0291,Omar ElShafei,17,Male,Asyut,omar.elshafei@kayfa-student.io,G06,2025-12-08,Group 06 — C004,C004,Dr. Mona Saad,Saturday,UI/UX Design,Design,Beginner,85.34,76.92307692307693,24,7081.0,118.01666666666667,2.0
S0292,Salma Ramadan,17,Male,Cairo,salma.ramadan@kayfa-student.io,G06,2025-12-08,Group 06 — C004,C004,Dr. Mona Saad,Saturday,UI/UX Design,Design,Beginner,78.14,84.61538461538461,20,6202.0,103.36666666666666,6.0
S0293,Mona Naguib,17,Male,Tanta,mona.naguib@kayfa-student.io,G03,2025-12-10,Group 03 — C002,C002,Dr. Laila ElBaz,Sunday,Python Programming,Programming,Beginner,71.41999999999999,84.61538461538461,18,9433.0,157.21666666666667,5.0
S0294,Sherif Darwish,17,Female,Fayoum,sherif.darwish@kayfa-student.io,G05,2025-12-15,Group 05 — C003,C003,Eng. Khaled Adel,Tuesday,Web Development,Programming,Intermediate,76.12,88.46153846153845,18,12456.0,207.6,2.0
S0296,Yasmin Halim,21,Female,Giza,yasmin.halim@kayfa-student.io,G02,2025-12-17,Group 02 — C001,C001,Dr. Mona Saad,Thursday,Data Analytics Fundamentals,Analytics,Beginner,82.72,84.61538461538461,23,7711.0,128.51666666666668,2.0
S0297,Farida Nasr,20,Male,Alexandria,farida.nasr@kayfa-student.io,G09,2025-12-11,Group 09 — C006,C006,Dr. Mona Saad,Thursday,Machine Learning Basics,Analytics,Advanced,69.6,80.76923076923077,27,14687.0,244.78333333333333,6.0
S0298,Mostafa Fathy,18,Male,Mansoura,mostafa.fathy@kayfa-student.io,G06,2025-12-11,Group 06 — C004,C004,Dr. Mona Saad,Saturday,UI/UX Design,Design,Beginner,85.56,88.46153846153845,24,12647.0,210.78333333333333,3.0
S0299,Seif ElShafei,23,Female,Fayoum,seif.elshafei@kayfa-student.io,G08,2025-12-01,Group 08 — C006,C006,Dr. Laila ElBaz,Saturday,Machine Learning Basics,Analytics,Advanced,79.08,57.692307692307686,31,10963.0,182.71666666666667,3.0
S0300,Khaled Mahmoud,27,Female,Ismailia,khaled.mahmoud@kayfa-student.io,G09,2025-12-03,Group 09 — C006,C006,Dr. Mona Saad,Thursday,Machine Learning Basics,Analytics,Advanced,82.16,69.23076923076923,28,13012.0,216.86666666666667,0.0
S0301,Sara Habib,21,Female,Alexandria,sara.habib@kayfa-student.io,G08,2025-12-11,Group 08 — C006,C006,Dr. Laila ElBaz,Saturday,Machine Learning Basics,Analytics,Advanced,83.84,88.46153846153845,18,12091.0,201.51666666666668,1.0
S0303,Amr Kamel,20,Male,Ismailia,amr.kamel@kayfa-student.io,G09,2025-12-13,Group 09 — C006,C006,Dr. Mona Saad,Thursday,Machine Learning Basics,Analytics,Advanced,80.42,84.61538461538461,36,17174.0,286.23333333333335,6.0
S0304,Youssef Habib,18,Male,Asyut,youssef.habib@kayfa-student.io,G09,2025-12-19,Group 09 — C006,C006,Dr. Mona Saad,Thursday,Machine Learning Basics,Analytics,Advanced,82.46000000000001,73.07692307692307,16,5994.0,99.9,0.0
S0305,Tarek Shawky,17,Male,Zagazig,tarek.shawky@kayfa-student.io,G03,2025-12-07,Group 03 — C002,C002,Dr. Laila ElBaz,Sunday,Python Programming,Programming,Beginner,74.3,73.07692307692307,24,10695.0,178.25,6.0
S0308,Marwan Saad,24,Male,Port Said,marwan.saad@kayfa-student.io,G03,2025-12-12,Group 03 — C002,C002,Dr. Laila ElBaz,Sunday,Python Programming,Programming,Beginner,85.4,92.3076923076923,30,11172.0,186.2,5.0
S0309,Abdelrahman Ibrahim,30,Male,Giza,abdelrahman.ibrahim@kayfa-student.io,G06,2025-12-17,Group 06 — C004,C004,Dr. Mona Saad,Saturday,UI/UX Design,Design,Beginner,79.38,92.3076923076923,28,16489.0,274.81666666666666,1.0
S0310,Abdelrahman Gamal,23,Male,Port Said,abdelrahman.gamal@kayfa-student.io,G01,2025-12-19,Group 01 — C001,C001,Eng. Khaled Adel,Thursday,Data Analytics Fundamentals,Analytics,Beginner,75.53999999999999,81.48148148148148,20,12271.0,204.51666666666668,5.0
S0311,Mohamed Farouk,23,Female,Tanta,mohamed.farouk@kayfa-student.io,G07,2025-12-13,Group 07 — C005,C005,Eng. Hossam Refaat,Wednesday,Digital Marketing,Business,Beginner,66.12,65.38461538461539,18,10745.0,179.08333333333334,11.0
S0312,Dina Mansour,19,Female,Giza,dina.mansour@kayfa-student.io,G08,2025-12-05,Group 08 — C006,C006,Dr. Laila ElBaz,Saturday,Machine Learning Basics,Analytics,Advanced,80.82000000000001,76.92307692307693,19,15221.0,253.68333333333334,6.0
S0314,Yasmin Nasr,22,Female,Zagazig,yasmin.nasr@kayfa-student.io,G06,2025-12-13,Group 06 — C004,C004,Dr. Mona Saad,Saturday,UI/UX Design,Design,Beginner,83.08,80.76923076923077,17,8800.0,146.66666666666666,1.0
S0315,Aya Zaki,19,Female,Zagazig,aya.zaki@kayfa-student.io,G07,2025-12-03,Group 07 — C005,C005,Eng. Hossam Refaat,Wednesday,Digital Marketing,Business,Beginner,56.18000000000001,57.692307692307686,17,4172.0,69.53333333333333,16.0
S0318,Abdelrahman Sultan,29,Female,Mansoura,abdelrahman.sultan@kayfa-student.io,G03,2025-12-17,Group 03 — C002,C002,Dr. Laila ElBaz,Sunday,Python Programming,Programming,Beginner,73.76,84.61538461538461,16,10707.0,178.45,10.0
S0319,Malak ElMasry,22,Female,Tanta,malak.elmasry@kayfa-student.io,G03,2025-12-10,Group 03 — C002,C002,Dr. Laila ElBaz,Sunday,Python Programming,Programming,Beginner,82.58,76.92307692307693,19,5940.0,99.0,7.0
S0321,Youssef Ibrahim,28,Female,Fayoum,youssef.ibrahim@kayfa-student.io,G04,2025-12-12,Group 04 — C002,C002,Eng. Hossam Refaat,Saturday,Python Programming,Programming,Beginner,74.0,73.07692307692307,22,13163.0,219.38333333333333,4.0
S0322,Ahmed Nasr,21,Male,Ismailia,ahmed.nasr@kayfa-student.io,G08,2025-12-06,Group 08 — C006,C006,Dr. Laila ElBaz,Saturday,Machine Learning Basics,Analytics,Advanced,76.36,88.46153846153845,22,8430.0,140.5,5.0
S0324,Abdelrahman Naguib,24,Male,Zagazig,abdelrahman.naguib@kayfa-student.io,G01,2025-12-09,Group 01 — C001,C001,Eng. Khaled Adel,Thursday,Data Analytics Fundamentals,Analytics,Beginner,88.47999999999999,88.46153846153845,29,13580.0,226.33333333333334,1.0
S0325,Mona Zaki,23,Female,Asyut,mona.zaki@kayfa-student.io,G09,2025-12-06,Group 09 — C006,C006,Dr. Mona Saad,Thursday,Machine Learning Basics,Analytics,Advanced,80.76,88.46153846153845,36,11739.0,195.65,6.0
S0326,Mostafa Saad,20,Male,Ismailia,mostafa.saad@kayfa-student.io,G05,2025-12-17,Group 05 — C003,C003,Eng. Khaled Adel,Tuesday,Web Development,Programming,Intermediate,78.42,84.61538461538461,15,6888.0,114.8,1.0
S0327,Hana Naguib,18,Female,Alexandria,hana.naguib@kayfa-student.io,G06,2025-12-16,Group 06 — C004,C004,Dr. Mona Saad,Saturday,UI/UX Design,Design,Beginner,78.17999999999999,80.76923076923077,20,11594.0,193.23333333333332,1.0
S0330,Malak Saad,22,Female,Port Said,malak.saad@kayfa-student.io,G08,2025-12-03,Group 08 — C006,C006,Dr. Laila ElBaz,Saturday,Machine Learning Basics,Analytics,Advanced,73.1,73.07692307692307,21,8245.0,137.41666666666666,10.0
S0333,Mostafa Soliman,23,Female,Cairo,mostafa.soliman@kayfa-student.io,G06,2025-12-07,Group 06 — C004,C004,Dr. Mona Saad,Saturday,UI/UX Design,Design,Beginner,68.74,80.76923076923077,24,10450.0,174.16666666666666,5.0
S0335,Mona Saad,20,Male,Cairo,mona.saad@kayfa-student.io,G08,2025-12-04,Group 08 — C006,C006,Dr. Laila ElBaz,Saturday,Machine Learning Basics,Analytics,Advanced,80.0,88.46153846153845,32,10018.0,166.96666666666667,0.0
S0336,Laila Shawky,18,Female,Alexandria,laila.shawky@kayfa-student.io,G02,2025-12-04,Group 02 — C001,C001,Dr. Mona Saad,Thursday,Data Analytics Fundamentals,Analytics,Beginner,75.82000000000001,80.76923076923077,26,13144.0,219.06666666666666,1.0
S0337,Sara Zaki,21,Female,Cairo,sara.zaki@kayfa-student.io,G07,2025-12-14,Group 07 — C005,C005,Eng. Hossam Refaat,Wednesday,Digital Marketing,Business,Beginner,71.9,65.38461538461539,23,8430.0,140.5,8.0
S0338,Seif Shawky,17,Female,Asyut,seif.shawky@kayfa-student.io,G03,2025-12-11,Group 03 — C002,C002,Dr. Laila ElBaz,Sunday,Python Programming,Programming,Beginner,77.38,69.23076923076923,24,12011.0,200.18333333333334,3.0
S0339,Amr ElMasry,23,Female,Asyut,amr.elmasry@kayfa-student.io,G07,2025-12-07,Group 07 — C005,C005,Eng. Hossam Refaat,Wednesday,Digital Marketing,Business,Beginner,63.46,53.84615384615385,26,13068.0,217.8,9.0
S0340,Nour Darwish,20,Female,Mansoura,nour.darwish@kayfa-student.io,G06,2025-12-14,Group 06 — C004,C004,Dr. Mona Saad,Saturday,UI/UX Design,Design,Beginner,66.96000000000001,76.92307692307693,16,8719.0,145.31666666666666,11.0
S0341,Farida Ramadan,23,Female,Tanta,farida.ramadan@kayfa-student.io,G04,2025-12-06,Group 04 — C002,C002,Eng. Hossam Refaat,Saturday,Python Programming,Programming,Beginner,80.42,69.23076923076923,28,12712.0,211.86666666666667,5.0
S0342,Rowan Shawky,17,Female,Zagazig,rowan.shawky@kayfa-student.io,G04,2025-12-14,Group 04 — C002,C002,Eng. Hossam Refaat,Saturday,Python Programming,Programming,Beginner,75.92,61.53846153846154,25,10455.0,174.25,10.0
S0343,Salma Mansour,17,Male,Port Said,salma.mansour@kayfa-student.io,G09,2025-12-19,Group 09 — C006,C006,Dr. Mona Saad,Thursday,Machine Learning Basics,Analytics,Advanced,60.7,88.46153846153845,21,13693.0,228.21666666666667,13.0
S0344,Dina Habib,25,Female,Alexandria,dina.habib@kayfa-student.io,G09,2025-12-08,Group 09 — C006,C006,Dr. Mona Saad,Thursday,Machine Learning Basics,Analytics,Advanced,69.86,53.84615384615385,17,8588.0,143.13333333333333,9.0
S0345,Khaled ElGhandour,23,Female,Tanta,khaled.elghandour@kayfa-student.io,G05,2025-12-01,Group 05 — C003,C003,Eng. Khaled Adel,Tuesday,Web Development,Programming,Intermediate,78.97999999999999,84.61538461538461,18,7689.0,128.15,0.0
S0347,Marwan Ramadan,19,Male,Cairo,marwan.ramadan@kayfa-student.io,G02,2025-12-13,Group 02 — C001,C001,Dr. Mona Saad,Thursday,Data Analytics Fundamentals,Analytics,Beginner,74.96,69.23076923076923,17,5495.0,91.58333333333333,9.0
S0348,Adel Ibrahim,19,Male,Ismailia,adel.ibrahim@kayfa-student.io,G09,2025-12-05,Group 09 — C006,C006,Dr. Mona Saad,Thursday,Machine Learning Basics,Analytics,Advanced,88.34,84.61538461538461,21,10793.0,179.88333333333333,2.0
S0349,Karim Halim,17,Male,Cairo,karim.halim@kayfa-student.io,G06,2025-12-15,Group 06 — C004,C004,Dr. Mona Saad,Saturday,UI/UX Design,Design,Beginner,74.55999999999999,65.38461538461539,12,5516.0,91.93333333333334,2.0
S0350,Tarek Soliman,19,Female,Fayoum,tarek.soliman@kayfa-student.io,G09,2025-12-20,Group 09 — C006,C006,Dr. Mona Saad,Thursday,Machine Learning Basics,Analytics,Advanced,77.53999999999999,73.07692307692307,24,9366.0,156.1,2.0
S0351,Habiba Shawky,20,Female,Cairo,habiba.shawky@kayfa-student.io,G04,2025-12-16,Group 04 — C002,C002,Eng. Hossam Refaat,Saturday,Python Programming,Programming,Beginner,76.53999999999999,61.53846153846154,21,8937.0,148.95,4.0
S0352,Adel Naguib,25,Male,Alexandria,adel.naguib@kayfa-student.io,G02,2025-12-14,Group 02 — C001,C001,Dr. Mona Saad,Thursday,Data Analytics Fundamentals,Analytics,Beginner,80.62,61.53846153846154,31,9743.0,162.38333333333333,3.0
S0354,Habiba Ibrahim,19,Female,Tanta,habiba.ibrahim@kayfa-student.io,G03,2025-12-19,Group 03 — C002,C002,Dr. Laila ElBaz,Sunday,Python Programming,Programming,Beginner,73.53999999999999,73.07692307692307,10,7983.0,133.05,5.0
S0355,Hana Mansour,22,Female,Asyut,hana.mansour@kayfa-student.io,G02,2025-12-19,Group 02 — C001,C001,Dr. Mona Saad,Thursday,Data Analytics Fundamentals,Analytics,Beginner,69.64,73.07692307692307,25,10034.0,167.23333333333332,7.0
S0357,Hana ElSayed,25,Female,Tanta,hana.elsayed@kayfa-student.io,G04,2025-12-17,Group 04 — C002,C002,Eng. Hossam Refaat,Saturday,Python Programming,Programming,Beginner,77.22,69.23076923076923,18,6596.0,109.93333333333334,4.0
S0360,Karim ElSayed,22,Male,Fayoum,karim.elsayed@kayfa-student.io,G06,2025-12-02,Group 06 — C004,C004,Dr. Mona Saad,Saturday,UI/UX Design,Design,Beginner,61.96,69.23076923076923,22,9091.0,151.51666666666668,16.0
S0361,Ahmed Gamal,20,Female,Mansoura,ahmed.gamal@kayfa-student.io,G06,2025-12-19,Group 06 — C004,C004,Dr. Mona Saad,Saturday,UI/UX Design,Design,Beginner,73.8,84.61538461538461,30,8967.0,149.45,3.0
S0363,Youssef Halim,24,Male,Fayoum,youssef.halim@kayfa-student.io,G06,2025-12-14,Group 06 — C004,C004,Dr. Mona Saad,Saturday,UI/UX Design,Design,Beginner,86.67999999999999,80.76923076923077,17,4349.0,72.48333333333333,1.0
S0364,Malak ElBaz,21,Female,Giza,malak.elbaz@kayfa-student.io,G05,2025-12-04,Group 05 — C003,C003,Eng. Khaled Adel,Tuesday,Web Development,Programming,Intermediate,82.74,88.46153846153845,31,12460.0,207.66666666666666,4.0
S0365,Adel Ramadan,23,Male,Fayoum,adel.ramadan@kayfa-student.io,G05,2025-12-08,Group 05 — C003,C003,Eng. Khaled Adel,Tuesday,Web Development,Programming,Intermediate,76.2,69.23076923076923,16,9978.0,166.3,1.0
S0366,Unknown Student,20,Female,Asyut,fady.elghandour@kayfa-student.io,G03,2025-12-10,Group 03 — C002,C002,Dr. Laila ElBaz,Sunday,Python Programming,Programming,Beginner,78.16,76.92307692307693,29,11531.0,192.18333333333334,3.0
S0367,Sherif Kamel,17,Male,Port Said,sherif.kamel@kayfa-student.io,G08,2025-12-16,Group 08 — C006,C006,Dr. Laila ElBaz,Saturday,Machine Learning Basics,Analytics,Advanced,90.8,84.61538461538461,32,15935.0,265.5833333333333,0.0
S0368,Jana ElBaz,21,Female,Giza,jana.elbaz@kayfa-student.io,G02,2025-12-11,Group 02 — C001,C001,Dr. Mona Saad,Thursday,Data Analytics Fundamentals,Analytics,Beginner,73.67999999999999,88.46153846153845,15,8594.0,143.23333333333332,9.0
S0369,Seif Zaki,22,Male,Port Said,seif.zaki@kayfa-student.io,G02,2025-12-02,Group 02 — C001,C001,Dr. Mona Saad,Thursday,Data Analytics Fundamentals,Analytics,Beginner,77.34,76.92307692307693,21,7952.0,132.53333333333333,3.0
S0373,Farida Sultan,21,Male,Ismailia,farida.sultan@kayfa-student.io,G08,2025-12-14,Group 08 — C006,C006,Dr. Laila ElBaz,Saturday,Machine Learning Basics,Analytics,Advanced,88.38,80.76923076923077,21,10542.0,175.7,0.0
S0374,Sherif ElShafei,21,Male,Cairo,sherif.elshafei@kayfa-student.io,G05,2025-12-17,Group 05 — C003,C003,Eng. Khaled Adel,Tuesday,Web Development,Programming,Intermediate,72.8,80.76923076923077,23,14635.0,243.91666666666666,6.0
S0375,Omar Naguib,24,Male,Giza,omar.naguib@kayfa-student.io,G07,2025-12-07,Group 07 — C005,C005,Eng. Hossam Refaat,Wednesday,Digital Marketing,Business,Beginner,66.5,61.53846153846154,8,4657.0,77.61666666666666,12.0
S0377,Mona ElMasry,21,Female,Ismailia,mona.elmasry@kayfa-student.io,G06,2025-12-20,Group 06 — C004,C004,Dr. Mona Saad,Saturday,UI/UX Design,Design,Beginner,72.88,61.53846153846154,13,4187.0,69.78333333333333,9.0
S0381,Mariam ElMasry,17,Female,Alexandria,mariam.elmasry@kayfa-student.io,G07,2025-12-17,Group 07 — C005,C005,Eng. Hossam Refaat,Wednesday,Digital Marketing,Business,Beginner,67.53999999999999,65.38461538461539,19,6317.0,105.28333333333333,12.0
S0383,Omar Abdelaziz,21,Male,Fayoum,omar.abdelaziz@kayfa-student.io,G01,2025-12-05,Group 01 — C001,C001,Eng. Khaled Adel,Thursday,Data Analytics Fundamentals,Analytics,Beginner,79.62,84.61538461538461,21,11481.0,191.35,4.0
S0384,Mahmoud AbdelHamid,19,Female,Mansoura,mahmoud.abdelhamid@kayfa-student.io,G01,2025-12-05,Group 01 — C001,C001,Eng. Khaled Adel,Thursday,Data Analytics Fundamentals,Analytics,Beginner,88.12,88.46153846153845,19,16555.0,275.9166666666667,3.0
S0385,Youssef Saad,19,Female,Mansoura,youssef.saad@kayfa-student.io,G09,2025-12-05,Group 09 — C006,C006,Dr. Mona Saad,Thursday,Machine Learning Basics,Analytics,Advanced,63.88000000000001,80.76923076923077,15,17607.0,293.45,15.0
S0387,Farida Gamal,25,Male,Asyut,farida.gamal@kayfa-student.io,G09,2025-12-05,Group 09 — C006,C006,Dr. Mona Saad,Thursday,Machine Learning Basics,Analytics,Advanced,72.02000000000001,69.23076923076923,20,5768.0,96.13333333333334,6.0
S0389,Mona Awad,24,Female,Ismailia,mona.awad@kayfa-student.io,G06,2025-12-19,Group 06 — C004,C004,Dr. Mona Saad,Saturday,UI/UX Design,Design,Beginner,86.64,76.92307692307693,27,12033.0,200.55,1.0
S0390,Mona ElSayed,19,Female,Mansoura,mona.elsayed@kayfa-student.io,G07,2025-12-03,Group 07 — C005,C005,Eng. Hossam Refaat,Wednesday,Digital Marketing,Business,Beginner,48.440000000000005,61.53846153846154,14,8646.0,144.1,20.0
S0391,Ali Awad,17,Female,Cairo,ali.awad@kayfa-student.io,G04,2025-12-07,Group 04 — C002,C002,Eng. Hossam Refaat,Saturday,Python Programming,Programming,Beginner,79.62,88.46153846153845,28,7203.0,120.05,6.0
S0392,Sara Naguib,24,Female,Ismailia,sara.naguib@kayfa-student.io,G09,2025-12-09,Group 09 — C006,C006,Dr. Mona Saad,Thursday,Machine Learning Basics,Analytics,Advanced,70.24,96.15384615384616,30,12239.0,203.98333333333332,5.0
S0393,Hana Refaat,20,Female,Fayoum,hana.refaat@kayfa-student.io,G04,2025-12-06,Group 04 — C002,C002,Eng. Hossam Refaat,Saturday,Python Programming,Programming,Beginner,75.62,69.23076923076923,23,9657.0,160.95,5.0
S0394,Hossam Ibrahim,17,Female,Ismailia,hossam.ibrahim@kayfa-student.io,G06,2025-12-02,Group 06 — C004,C004,Dr. Mona Saad,Saturday,UI/UX Design,Design,Beginner,58.580000000000005,61.53846153846154,19,10214.0,170.23333333333332,17.0
S0395,Hossam Awad,17,Male,Fayoum,hossam.awad@kayfa-student.io,G01,2025-12-18,Group 01 — C001,C001,Eng. Khaled Adel,Thursday,Data Analytics Fundamentals,Analytics,Beginner,81.56,65.38461538461539,13,8058.0,134.3,3.0
S0397,Mostafa Sultan,21,Female,Mansoura,mostafa.sultan@kayfa-student.io,G04,2025-12-20,Group 04 — C002,C002,Eng. Hossam Refaat,Saturday,Python Programming,Programming,Beginner,78.67999999999999,84.61538461538461,27,18978.0,316.3,5.0
S0398,Mariam Naguib,23,Female,Tanta,mariam.naguib@kayfa-student.io,G04,2025-12-08,Group 04 — C002,C002,Eng. Hossam Refaat,Saturday,Python Programming,Programming,Beginner,74.74,88.46153846153845,21,9488.0,158.13333333333333,7.0
S0400,Menna Abdelaziz,17,Female,Zagazig,menna.abdelaziz@kayfa-student.io,G09,2025-12-18,Group 09 — C006,C006,Dr. Mona Saad,Thursday,Machine Learning Basics,Analytics,Advanced,78.4,53.84615384615385,32,8078.0,134.63333333333333,4.0
S0401,Sara Ibrahim,23,Female,Alexandria,sara.ibrahim@kayfa-student.io,G04,2025-12-08,Group 04 — C002,C002,Eng. Hossam Refaat,Saturday,Python Programming,Programming,Beginner,78.6,76.92307692307693,23,15049.0,250.81666666666666,9.0
S0403,Adel AbdelHamid,23,Male,Fayoum,adel.abdelhamid@kayfa-student.io,G03,2025-12-04,Group 03 — C002,C002,Dr. Laila ElBaz,Sunday,Python Programming,Programming,Beginner,84.1,76.92307692307693,27,16070.0,267.8333333333333,4.0
S0405,Rana ElSayed,23,Male,Asyut,rana.elsayed@kayfa-student.io,G08,2025-12-04,Group 08 — C006,C006,Dr. Laila ElBaz,Saturday,Machine Learning Basics,Analytics,Advanced,72.6,76.92307692307693,26,6340.0,105.66666666666667,7.0
S0406,Ziad Refaat,19,Male,Asyut,ziad.refaat@kayfa-student.io,G08,2025-12-04,Group 08 — C006,C006,Dr. Laila ElBaz,Saturday,Machine Learning Basics,Analytics,Advanced,84.88,80.76923076923077,24,11070.0,184.5,1.0
S0407,Omar Habib,21,Male,Cairo,omar.habib@kayfa-student.io,G01,2025-12-17,Group 01 — C001,C001,Eng. Khaled Adel,Thursday,Data Analytics Fundamentals,Analytics,Beginner,80.5,80.76923076923077,22,8426.0,140.43333333333334,1.0
S0408,Adel Mahmoud,17,Male,Cairo,adel.mahmoud@kayfa-student.io,G07,2025-12-03,Group 07 — C005,C005,Eng. Hossam Refaat,Wednesday,Digital Marketing,Business,Beginner,70.7,50.0,24,8412.0,140.2,5.0
S0409,Aya Ibrahim,21,Female,Fayoum,aya.ibrahim@kayfa-student.io,G04,2025-12-11,Group 04 — C002,C002,Eng. Hossam Refaat,Saturday,Python Programming,Programming,Beginner,77.36,73.07692307692307,24,11564.0,192.73333333333332,2.0
S0411,Ziad Mansour,22,Male,Asyut,ziad.mansour@kayfa-student.io,G09,2025-12-15,Group 09 — C006,C006,Dr. Mona Saad,Thursday,Machine Learning Basics,Analytics,Advanced,84.25999999999999,84.61538461538461,25,9198.0,153.3,0.0
S0413,Jana Gamal,20,Female,Tanta,jana.gamal@kayfa-student.io,G03,2025-12-05,Group 03 — C002,C002,Dr. Laila ElBaz,Sunday,Python Programming,Programming,Beginner,70.03999999999999,73.07692307692307,18,10023.0,167.05,6.0
S0414,Dina ElMasry,19,Male,Mansoura,dina.elmasry@kayfa-student.io,G07,2025-12-02,Group 07 — C005,C005,Eng. Hossam Refaat,Wednesday,Digital Marketing,Business,Beginner,65.26,50.0,23,7120.0,118.66666666666667,12.0
S0415,Khaled Refaat,20,Male,Giza,khaled.refaat@kayfa-student.io,G05,2025-12-14,Group 05 — C003,C003,Eng. Khaled Adel,Tuesday,Web Development,Programming,Intermediate,75.78,61.53846153846154,20,11605.0,193.41666666666666,1.0
S0416,Seif Farouk,31,Male,Cairo,seif.farouk@kayfa-student.io,G07,2025-12-08,Group 07 — C005,C005,Eng. Hossam Refaat,Wednesday,Digital Marketing,Business,Beginner,65.53999999999999,65.38461538461539,17,12254.0,204.23333333333332,18.0
S0417,Nada Refaat,20,Female,Port Said,nada.refaat@kayfa-student.io,G03,2025-12-02,Group 03 — C002,C002,Dr. Laila ElBaz,Sunday,Python Programming,Programming,Beginner,83.12,88.46153846153845,23,16328.0,272.1333333333333,1.0
S0418,Mahmoud Ramadan,23,Male,Port Said,mahmoud.ramadan@kayfa-student.io,G02,2025-12-18,Group 02 — C001,C001,Dr. Mona Saad,Thursday,Data Analytics Fundamentals,Analytics,Beginner,66.08,73.07692307692307,20,5940.0,99.0,9.0
S0419,Omar Halim,26,Female,Asyut,omar.halim@kayfa-student.io,G08,2025-12-06,Group 08 — C006,C006,Dr. Laila ElBaz,Saturday,Machine Learning Basics,Analytics,Advanced,84.9,76.92307692307693,26,13952.0,232.53333333333333,2.0
S0420,Yasmin Hassan,26,Male,Port Said,yasmin.hassan@kayfa-student.io,G01,2025-12-04,Group 01 — C001,C001,Eng. Khaled Adel,Thursday,Data Analytics Fundamentals,Analytics,Beginner,70.72,80.76923076923077,16,10444.0,174.06666666666666,4.0
S0421,Dina Mahmoud,20,Female,Alexandria,dina.mahmoud@kayfa-student.io,G03,2025-12-16,Group 03 — C002,C002,Dr. Laila ElBaz,Sunday,Python Programming,Programming,Beginner,72.92,50.0,20,10659.0,177.65,7.0
S0422,Mona Halim,19,Female,Ismailia,mona.halim@kayfa-student.io,G04,2025-12-12,Group 04 — C002,C002,Eng. Hossam Refaat,Saturday,Python Programming,Programming,Beginner,64.67999999999999,73.07692307692307,21,6901.0,115.01666666666667,9.0
S0423,Khaled Zaki,17,Female,Cairo,khaled.zaki@kayfa-student.io,G03,2025-12-16,Group 03 — C002,C002,Dr. Laila ElBaz,Sunday,Python Programming,Programming,Beginner,72.9,88.46153846153845,30,14392.0,239.86666666666667,7.0
S0424,Omar Shawky,23,Female,Zagazig,omar.shawky@kayfa-student.io,G02,2025-12-09,Group 02 — C001,C001,Dr. Mona Saad,Thursday,Data Analytics Fundamentals,Analytics,Beginner,60.6,50.0,19,6762.0,112.7,16.0
S0425,Laila Farouk,26,Male,Zagazig,laila.farouk@kayfa-student.io,G01,2025-12-13,Group 01 — C001,C001,Eng. Khaled Adel,Thursday,Data Analytics Fundamentals,Analytics,Beginner,61.339999999999996,65.38461538461539,16,7926.0,132.1,19.0
S0426,Nada ElSayed,17,Female,Giza,nada.elsayed@kayfa-student.io,G09,2025-12-19,Group 09 — C006,C006,Dr. Mona Saad,Thursday,Machine Learning Basics,Analytics,Advanced,73.22,76.92307692307693,20,7818.0,130.3,12.0
S0427,Omar Mahmoud,21,Female,Alexandria,omar.mahmoud@kayfa-student.io,G05,2025-12-16,Group 05 — C003,C003,Eng. Khaled Adel,Tuesday,Web Development,Programming,Intermediate,67.52000000000001,84.61538461538461,21,11361.0,189.35,13.0
S0428,Ali Sultan,19,Female,Zagazig,ali.sultan@kayfa-student.io,G07,2025-12-15,Group 07 — C005,C005,Eng. Hossam Refaat,Wednesday,Digital Marketing,Business,Beginner,61.0,61.53846153846154,22,13796.0,229.93333333333334,13.0
S0430,Khaled ElSayed,17,Female,Fayoum,khaled.elsayed@kayfa-student.io,G05,2025-12-03,Group 05 — C003,C003,Eng. Khaled Adel,Tuesday,Web Development,Programming,Intermediate,60.98,76.92307692307693,21,8249.0,137.48333333333332,13.0
S0431,Sara Abdelaziz,24,Female,Giza,sara.abdelaziz@kayfa-student.io,G09,2025-12-12,Group 09 — C006,C006,Dr. Mona Saad,Thursday,Machine Learning Basics,Analytics,Advanced,85.22,92.3076923076923,21,13459.0,224.31666666666666,1.0
S0432,Fady Darwish,28,Female,Ismailia,fady.darwish@kayfa-student.io,G06,2025-12-12,Group 06 — C004,C004,Dr. Mona Saad,Saturday,UI/UX Design,Design,Beginner,65.3,92.3076923076923,30,7260.0,121.0,9.0
S0434,Tarek Halim,21,Female,Alexandria,tarek.halim@kayfa-student.io,G04,2025-12-12,Group 04 — C002,C002,Eng. Hossam Refaat,Saturday,Python Programming,Programming,Beginner,77.67999999999999,84.61538461538461,29,13781.0,229.68333333333334,2.0
S0435,Salma Farouk,20,Male,Giza,salma.farouk@kayfa-student.io,G03,2025-12-06,Group 03 — C002,C002,Dr. Laila ElBaz,Sunday,Python Programming,Programming,Beginner,59.4,73.07692307692307,14,9157.0,152.61666666666667,10.0
S0436,Sara Mansour,19,Female,Giza,sara.mansour@kayfa-student.io,G03,2025-12-09,Group 03 — C002,C002,Dr. Laila ElBaz,Sunday,Python Programming,Programming,Beginner,89.34,69.23076923076923,24,12066.0,201.1,1.0
S0437,Mariam Sultan,26,Female,Port Said,mariam.sultan@kayfa-student.io,G06,2025-12-06,Group 06 — C004,C004,Dr. Mona Saad,Saturday,UI/UX Design,Design,Beginner,83.74,96.15384615384616,22,10076.0,167.93333333333334,1.0
S0438,Hassan Mansour,25,Male,Ismailia,hassan.mansour@kayfa-student.io,G04,2025-12-10,Group 04 — C002,C002,Eng. Hossam Refaat,Saturday,Python Programming,Programming,Beginner,76.82000000000001,92.3076923076923,35,14951.0,249.18333333333334,4.0
S0441,Amr AbdelHamid,24,Female,Tanta,amr.abdelhamid@kayfa-student.io,G04,2025-12-10,Group 04 — C002,C002,Eng. Hossam Refaat,Saturday,Python Programming,Programming,Beginner,73.52000000000001,76.92307692307693,21,7779.0,129.65,14.0
S0442,Mariam Shawky,19,Female,Tanta,mariam.shawky@kayfa-student.io,G08,2025-12-20,Group 08 — C006,C006,Dr. Laila ElBaz,Saturday,Machine Learning Basics,Analytics,Advanced,72.14,76.92307692307693,24,6613.0,110.21666666666667,9.0
S0443,Abdelrahman Fathy,19,Male,Asyut,abdelrahman.fathy@kayfa-student.io,G07,2025-12-08,Group 07 — C005,C005,Eng. Hossam Refaat,Wednesday,Digital Marketing,Business,Beginner,53.7,57.692307692307686,15,10208.0,170.13333333333333,16.0
S0447,Fady Farouk,23,Female,Asyut,fady.farouk@kayfa-student.io,G07,2025-12-02,Group 07 — C005,C005,Eng. Hossam Refaat,Wednesday,Digital Marketing,Business,Beginner,52.1,53.84615384615385,16,7946.0,132.43333333333334,18.0
S0449,Khaled Abdelaziz,19,Male,Zagazig,khaled.abdelaziz@kayfa-student.io,G09,2025-12-12,Group 09 — C006,C006,Dr. Mona Saad,Thursday,Machine Learning Basics,Analytics,Advanced,81.9,84.61538461538461,20,6755.0,112.58333333333333,2.0
S0450,Mahmoud ElShafei,18,Female,Zagazig,mahmoud.elshafei@kayfa-student.io,G03,2025-12-13,Group 03 — C002,C002,Dr. Laila ElBaz,Sunday,Python Programming,Programming,Beginner,71.36,88.46153846153845,21,10157.0,169.28333333333333,10.0
S0451,Karim Gamal,27,Male,Asyut,karim.gamal@kayfa-student.io,G07,2025-12-03,Group 07 — C005,C005,Eng. Hossam Refaat,Wednesday,Digital Marketing,Business,Beginner,68.94,61.53846153846154,10,4073.0,67.88333333333334,4.0
S0453,Marwan ElBaz,22,Male,Zagazig,marwan.elbaz@kayfa-student.io,G07,2025-12-10,Group 07 — C005,C005,Eng. Hossam Refaat,Wednesday,Digital Marketing,Business,Beginner,53.36,50.0,21,6992.0,116.53333333333333,22.0
S0455,Hana ElMasry,21,Female,Asyut,hana.elmasry@kayfa-student.io,G03,2025-12-07,Group 03 — C002,C002,Dr. Laila ElBaz,Sunday,Python Programming,Programming,Beginner,81.02000000000001,73.07692307692307,26,12987.0,216.45,5.0
S0456,Karim ElMasry,22,Female,Zagazig,karim.elmasry@kayfa-student.io,G08,2025-12-07,Group 08 — C006,C006,Dr. Laila ElBaz,Saturday,Machine Learning Basics,Analytics,Advanced,74.14,73.07692307692307,19,10926.0,182.1,4.0
S0457,Mostafa Hassan,17,Female,Giza,mostafa.hassan@kayfa-student.io,G02,2025-12-07,Group 02 — C001,C001,Dr. Mona Saad,Thursday,Data Analytics Fundamentals,Analytics,Beginner,79.75999999999999,73.07692307692307,20,10506.0,175.1,5.0
S0458,Mariam Zaki,21,Female,Asyut,mariam.zaki@kayfa-student.io,G03,2025-12-19,Group 03 — C002,C002,Dr. Laila ElBaz,Sunday,Python Programming,Programming,Beginner,86.26,92.3076923076923,27,13466.0,224.43333333333334,4.0
S0459,Nada ElMasry,22,Male,Ismailia,nada.elmasry@kayfa-student.io,G03,2025-12-07,Group 03 — C002,C002,Dr. Laila ElBaz,Sunday,Python Programming,Programming,Beginner,77.02,65.38461538461539,16,10926.0,182.1,3.0
S0463,Hossam ElMasry,20,Male,Tanta,hossam.elmasry@kayfa-student.io,G03,2025-12-08,Group 03 — C002,C002,Dr. Laila ElBaz,Sunday,Python Programming,Programming,Beginner,71.3,80.76923076923077,23,8995.0,149.91666666666666,8.0
S0464,Yasmin Darwish,20,Female,Port Said,yasmin.darwish@kayfa-student.io,G08,2025-12-11,Group 08 — C006,C006,Dr. Laila ElBaz,Saturday,Machine Learning Basics,Analytics,Advanced,89.02000000000001,88.46153846153845,24,15593.0,259.8833333333333,1.0
S0465,Rana ElGhandour,22,Female,Port Said,rana.elghandour@kayfa-student.io,G07,2025-12-12,Group 07 — C005,C005,Eng. Hossam Refaat,Wednesday,Digital Marketing,Business,Beginner,59.760000000000005,69.23076923076923,23,8301.0,138.35,13.0
S0467,Farida Abdelaziz,26,Male,Zagazig,farida.abdelaziz@kayfa-student.io,G06,2025-12-03,Group 06 — C004,C004,Dr. Mona Saad,Saturday,UI/UX Design,Design,Beginner,85.74,92.3076923076923,35,10045.0,167.41666666666666,0.0
S0469,Rowan Refaat,20,Male,Asyut,rowan.refaat@kayfa-student.io,G07,2025-12-09,Group 07 — C005,C005,Eng. Hossam Refaat,Wednesday,Digital Marketing,Business,Beginner,75.5,57.692307692307686,17,9836.0,163.93333333333334,2.0
S0470,Hassan ElSayed,26,Female,Fayoum,hassan.elsayed@kayfa-student.io,G03,2025-12-10,Group 03 — C002,C002,Dr. Laila ElBaz,Sunday,Python Programming,Programming,Beginner,69.03999999999999,69.23076923076923,20,10065.0,167.75,8.0
S0471,Ahmed Farouk,21,Male,Mansoura,ahmed.farouk@kayfa-student.io,G01,2025-12-18,Group 01 — C001,C001,Eng. Khaled Adel,Thursday,Data Analytics Fundamentals,Analytics,Beginner,70.88,80.76923076923077,14,8055.0,134.25,11.0
S0472,Malak Refaat,18,Female,Ismailia,malak.refaat@kayfa-student.io,G07,2025-12-20,Group 07 — C005,C005,Eng. Hossam Refaat,Wednesday,Digital Marketing,Business,Beginner,65.56,57.692307692307686,22,7080.0,118.0,7.0
S0474,Adel Mansour,21,Male,Tanta,adel.mansour@kayfa-student.io,G01,2025-12-16,Group 01 — C001,C001,Eng. Khaled Adel,Thursday,Data Analytics Fundamentals,Analytics,Beginner,71.08,76.92307692307693,35,18414.0,306.9,6.0
S0475,Tarek Kamel,23,Female,Port Said,tarek.kamel@kayfa-student.io,G04,2025-12-11,Group 04 — C002,C002,Eng. Hossam Refaat,Saturday,Python Programming,Programming,Beginner,70.12,80.76923076923077,16,12349.0,205.81666666666666,12.0
S0476,Mostafa ElShafei,26,Male,Tanta,mostafa.elshafei@kayfa-student.io,G08,2025-12-11,Group 08 — C006,C006,Dr. Laila ElBaz,Saturday,Machine Learning Basics,Analytics,Advanced,75.32000000000001,84.61538461538461,17,7495.0,124.91666666666667,7.0
S0477,Aya Naguib,21,Female,Fayoum,aya.naguib@kayfa-student.io,G09,2025-12-17,Group 09 — C006,C006,Dr. Mona Saad,Thursday,Machine Learning Basics,Analytics,Advanced,70.58,88.46153846153845,18,17569.0,292.81666666666666,3.0
S0478,Nada Abdelaziz,22,Male,Tanta,nada.abdelaziz@kayfa-student.io,G09,2025-12-05,Group 09 — C006,C006,Dr. Mona Saad,Thursday,Machine Learning Basics,Analytics,Advanced,61.36,84.61538461538461,27,9209.0,153.48333333333332,13.0
S0479,Rana Nasr,23,Male,Fayoum,rana.nasr@kayfa-student.io,G01,2025-12-09,Group 01 — C001,C001,Eng. Khaled Adel,Thursday,Data Analytics Fundamentals,Analytics,Beginner,77.82000000000001,84.61538461538461,20,12727.0,212.11666666666667,1.0
S0480,Mariam Fathy,24,Female,Port Said,mariam.fathy@kayfa-student.io,G02,2025-12-16,Group 02 — C001,C001,Dr. Mona Saad,Thursday,Data Analytics Fundamentals,Analytics,Beginner,74.98,69.23076923076923,21,5589.0,93.15,7.0
S0481,Hassan Awad,24,Male,Mansoura,hassan.awad@kayfa-student.io,G07,2025-12-04,Group 07 — C005,C005,Eng. Hossam Refaat,Wednesday,Digital Marketing,Business,Beginner,66.24,57.692307692307686,20,5242.0,87.36666666666666,10.0
S0483,Salma Nasr,19,Male,Alexandria,salma.nasr@kayfa-student.io,G05,2025-12-06,Group 05 — C003,C003,Eng. Khaled Adel,Tuesday,Web Development,Programming,Intermediate,73.8,80.76923076923077,21,9173.0,152.88333333333333,3.0
S0485,Yasmin Habib,23,Male,Ismailia,yasmin.habib@kayfa-student.io,G04,2025-12-03,Group 04 — C002,C002,Eng. Hossam Refaat,Saturday,Python Programming,Programming,Beginner,78.36,88.46153846153845,29,16561.0,276.01666666666665,5.0
S0486,Salma Refaat,22,Female,Ismailia,salma.refaat@kayfa-student.io,G08,2025-12-03,Group 08 — C006,C006,Dr. Laila ElBaz,Saturday,Machine Learning Basics,Analytics,Advanced,87.14,92.3076923076923,29,17560.0,292.6666666666667,2.0
S0487,Khaled AbdelHamid,18,Female,Zagazig,khaled.abdelhamid@kayfa-student.io,G08,2025-12-02,Group 08 — C006,C006,Dr. Laila ElBaz,Saturday,Machine Learning Basics,Analytics,Advanced,65.14,61.53846153846154,23,6331.0,105.51666666666667,17.0
S0488,Yasmin ElShafei,23,Male,Giza,yasmin.elshafei@kayfa-student.io,G08,2025-12-20,Group 08 — C006,C006,Dr. Laila ElBaz,Saturday,Machine Learning Basics,Analytics,Advanced,81.92,84.61538461538461,21,15987.0,266.45,1.0
S0490,Nada Habib,21,Male,Fayoum,nada.habib@kayfa-student.io,G07,2025-12-05,Group 07 — C005,C005,Eng. Hossam Refaat,Wednesday,Digital Marketing,Business,Beginner,52.64,73.07692307692307,28,9963.0,166.05,19.0
S0495,Aya Gamal,21,Female,Zagazig,aya.gamal@kayfa-student.io,G05,2025-12-02,Group 05 — C003,C003,Eng. Khaled Adel,Tuesday,Web Development,Programming,Intermediate,68.86,76.92307692307693,22,4834.0,80.56666666666666,11.0
S0497,Ahmed Fathy,22,Female,Giza,ahmed.fathy@kayfa-student.io,G02,2025-12-15,Group 02 — C001,C001,Dr. Mona Saad,Thursday,Data Analytics Fundamentals,Analytics,Beginner,80.38,76.92307692307693,11,9848.0,164.13333333333333,6.0
S0498,Jana Halim,17,Female,Cairo,jana.halim@kayfa-student.io,G03,2025-12-12,Group 03 — C002,C002,Dr. Laila ElBaz,Sunday,Python Programming,Programming,Beginner,73.78,80.76923076923077,28,11228.0,187.13333333333333,6.0
S0499,Mostafa Nasr,17,Female,Alexandria,mostafa.nasr@kayfa-student.io,G01,2025-12-14,Group 01 — C001,C001,Eng. Khaled Adel,Thursday,Data Analytics Fundamentals,Analytics,Beginner,73.72,76.92307692307693,12,7036.0,117.26666666666667,7.0
